source,target
372878887,Soap_on_Gfuel
_idont-have-a-name_,Trinity302
_idont-have-a-name_,Signal_Dig7910
_idont-have-a-name_,PopularImportance432
_idont-have-a-name_,Big_Money_bags23
2Batou4U,INeedANerf
2Warden,KodiakPL
4ever_lost,rhys7wyatt
69peasant,_idont-have-a-name_
Accurate_Ad_3626,fuuiuuuck
Accurate_Ad_3626,mangledpenguin
Aclysmic,Pwispwlol
Aeterna117,ThatOneUpittyGuy
Affectionate_Lead437,sornia760
AFishNamedFreddie,Puzzled-Delivery-242
AFishNamedFreddie,denierCZ
AFishNamedFreddie,The_Stealthy_Nut
AFishNamedFreddie,SCORPIONfromMK
Aggravating_Ease9232,ThePassiveGamer
Aguycalled3030,HiDDENk00l
Aj2W0rK,Sufferity
alaskancurry,Ultimus_402
alaskancurry,denierCZ
Alt1119991,Boss_Man007
Alt1119991,Showaren_elle
AltairxEzio,13ananas
AltairxEzio,LowRiskHades
AltairxEzio,sunjay140
AltairxEzio,TheMagicMush
analbac,FromAnotherGamer
apolobgod,RedScope53
AricelliTheFur,SadHappyRobotMusic
Ashamed_Attitude_344,Vader2508
ATotallyAssholeGuy,BananaAnarchy_
ATotallyAssholeGuy,samson778260
Austinf54555,varangian_guards
Awkward-Weekend2044,Greatmerp255
Axxxem,denierCZ
bb250517,danyaylol
Bekklor,All0utWar
BlackBeard205,theguyfromeuropa
Blackclaw42,JeppeHanen
Blackclaw42,Jehger
bleachbum98,deadtvreviews
BloodstoneWarrior,tachakas_fanboy
Boltboy1833,IareTyler
bonemech_meatsuit,ATotallyAssholeGuy
bonemech_meatsuit,WildmanJayden29
bonemech_meatsuit,Particular-Let-196
bonemech_meatsuit,Mr__G0ld
bonemech_meatsuit,SpectreFPS
bonemech_meatsuit,Skiyoz
bonemech_meatsuit,xCallMeBigJuicy
bonemech_meatsuit,Aguycalled3030
bonemech_meatsuit,TheSteanator-94
bonemech_meatsuit,WhoopsyToopsy
bonemech_meatsuit,Mike-honcho-69
bonemech_meatsuit,DepressMyCNS
bonemech_meatsuit,rando646
bonemech_meatsuit,i-want-die-thx
bonemech_meatsuit,savemoney_god
bonemech_meatsuit,Troopr_Z
bonemech_meatsuit,techmakerdb
bonemech_meatsuit,KUMonHERface
bonemech_meatsuit,YupWaySheGoesBud
bonemech_meatsuit,bigbrooklynlou
bonemech_meatsuit,Friendly_Bot_
BoostedEcoDonkey,DonutCola
BoostedEcoDonkey,robbioli40
BoostedEcoDonkey,PapiGoneGamer
BostonFan69,Vladesku
BostonFan69,crymorenoobs
BostonFan69,medicbagfrompayday
BostonFan69,TroyAndAbed05
BRADLEYTANK2,Affectionate_Lead437
brizla18,buymymeth
bryiewes,SargeDale3
bryiewes,Sephlian
bryty93,Relevant-Ad-8022
bryty93,SadHappyRobotMusic
bryty93,ImVeryUnimaginative
bryty93,bb250517
BTonICEE,scottsummerstheyouth
buymymeth,RandomPerson521
CandyCane147,denierCZ
CapablePerformance,JohnnySasaki20
CapablePerformance,-NOXPLODE-
CapablePerformance,kcraybeck
CapnGibbens,PTownDillz
CapnGibbens,Eagle4317
CapnGnobby,SnapShooter07
Carter0108,denierCZ
cerealbro1,Sad_Opportunity8197
Ch3zc4ke,turtleturtlerandy
Chakramer,INeedANerf
Chakramer,Personal_Ad_7897
Chakramer,JuggBoyz
Chakramer,Pwispwlol
ChampionshipFit1437,KKreaps666
cheekibreeki_kid,Intezard006
Cheeseboii83,REVENGE966
chicharron123,dudefromthepast3
chrisgreely1999,ShibuRigged
ClamBamFam,Mr_EP1C
ClamBamFam,fhb_will
cnyfury,Camstamash
Collofkids,christiancook6756756
Collofkids,iM-iMport
ComfortablyBalanced,CrispyChicken9996
CompleteFacepalm,SpHD7489
CompleteFacepalm,ConflictWhiff
CompleteFacepalm,dopinder9865
CompleteFacepalm,Ethanbrocks
con247,Z3KE_SK1
con247,FirstSTR1KE_115
Consistent-Force5375,ItsApplesandOranges
coolhooves420,deadtvreviews
Cosmicweb08,FlipGordon
CR7KRUL,DontDoubtDink
creepy-uncle-chad,Johnhfcx
critlvcritlvcritlv,traw056
CRPanda_,Accurate_Ad_3626
crymorenoobs,Desert6x6
CUZ-IM-DADDY,DonutCola
Cyrax_312,ICPGr8Milenko
Cyrax_312,Scottg8
Cyrax_312,dylan15kansascity
Cyrax_312,SuperPotatoThrow
Cyrax_312,illegal_eagle88
Cyrax_312,splashwutudo
Cyrax_312,09Yublover
Cyrax_312,Individual-Diet-8109
Cyrax_312,BitterSweetDesire
dahveeth,ImportantGreen
DangerousKirby,IntellectualDweeb
DarkWing2274,paddchy
DarkWing2274,Timbishop123
DarnedChickenE13,denierCZ
darth__anakin,Kangorro
datb0yavi,TiposTaco
DawnRav3n,Spicy-Tato1
DawnRav3n,denierCZ
dduckets087,FuzzyEatHer
dduckets087,CapablePerformance
deadboi_chavez,koufiosalami
deadtvreviews,NotASexOffenderWink
deadtvreviews,I-sellOnions
deadtvreviews,ZavexPG3D
deadtvreviews,Far_Structure_5306
deadtvreviews,Appropriate_Reading2
deadtvreviews,Elnuggeto13
deadtvreviews,Star301jester
deadtvreviews,SteveB1901
deadtvreviews,Jrkid100
deadtvreviews,nvermindme
deadtvreviews,truefakexvi
deadtvreviews,StellarBossTobi
deadtvreviews,WhoGix_
deadtvreviews,_PHX_QUADRA_
deadtvreviews,Trigon_XT
deadtvreviews,Consistent-Force5375
deadtvreviews,Void4GamesYT
deadtvreviews,Kiggzpawn
deadtvreviews,Historical_Maize3857
deadtvreviews,SpritKid
deadtvreviews,Torrent_You
deadtvreviews,Embarrassed_Grass125
deadtvreviews,xLordOfDeath
deadtvreviews,tracyxoc1
deadtvreviews,jared20150
deadtvreviews,MetsRule1977
deadtvreviews,Global_Environment29
deadtvreviews,irishfisherkush
deadtvreviews,leafnbagurmom
deadtvreviews,Tacticl-
deadtvreviews,BraindeadIGuess
deadtvreviews,BullyGibby6969
deadtvreviews,icodeusingmybutt
deadtvreviews,kingosanopp
deadtvreviews,elquanto
deadtvreviews,lalorangel
deadtvreviews,gasamove
deadtvreviews,intothefire33
deadtvreviews,raisimo
deadtvreviews,sotiras2020
deadtvreviews,gblandro
deadtvreviews,JustGoodOldHarold
deadtvreviews,NoRegertsWolfDog
deadtvreviews,bleachmy-eyes
deadtvreviews,Nearbook5308
deadtvreviews,Wszebor
deadtvreviews,Heavy-Length-5808
deadtvreviews,HUSHHSUH
deadtvreviews,xMasterless
deadtvreviews,Dmontssj12
deadtvreviews,PugLander
deadtvreviews,mattb_186
deadtvreviews,SoCoolCD
deadtvreviews,SwanExpress5406
deadtvreviews,Daxattack6
deadtvreviews,SoNerdy
deadtvreviews,Comfortable_Fox1117
deadtvreviews,Lucky7Revolver
deadtvreviews,MaxMello01
deadtvreviews,AlternativeFun8977
deadtvreviews,Ch3zc4ke
deadtvreviews,FarInstruction1
deadtvreviews,kvsMAIA
deadtvreviews,Grenadier_YT
deadtvreviews,EdmundoMcBrundo
deadtvreviews,Anuhea099
deadtvreviews,All4TheKingdomofGod
deadtvreviews,Drougen
deadtvreviews,Nx_Tiger81
deadtvreviews,OneGuy2Cups
deadtvreviews,Inevitable_Outside96
deadtvreviews,kvdre__
deadtvreviews,Rogerthrottleup
deadtvreviews,MONYJOW
deadtvreviews,JustwinHerbert
deadtvreviews,ariescs
deadtvreviews,Sincerely_Quatermain
deadtvreviews,VabloSama
deadtvreviews,Sleepy_Slothx
deadtvreviews,MrCummins
deadtvreviews,m2niles
deadtvreviews,Complete_Location_63
deadtvreviews,Y47-Chromosomes
deadtvreviews,iiTzEmerald
deadtvreviews,karljh
deadtvreviews,Juken-
deadtvreviews,Wesk-Wildcard
deadtvreviews,mad_dj_cod
deadtvreviews,Lil_Pipper
deadtvreviews,TryhardHuskyufool
deadtvreviews,j3qnmp
deadtvreviews,WonderDolphin
deadtvreviews,Huff1809
deadtvreviews,Awayze
deadtvreviews,Clawalacarte
deadtvreviews,Aggravating_Ease9232
DeithvsChrist,Jimjones341
DeithvsChrist,Memetasticmemes
denierCZ,DemiDivine
denierCZ,PainInMyArse
denierCZ,Sids_left_nut
denierCZ,The_Stealthy_Nut
denierCZ,huggothebear
denierCZ,swampywinter
denierCZ,thegodsson
denierCZ,CommunityPretty1802
denierCZ,Zequexium
denierCZ,BloodstoneWarrior
denierCZ,Sc0p1x
denierCZ,Blackgod_Kurokami
denierCZ,davonas
denierCZ,paperkutchy
denierCZ,DoozyDuz
denierCZ,Kyserham
denierCZ,KingPooBar
denierCZ,ChiksRThic69
denierCZ,idiotcuphead
denierCZ,PalpyTEEN
denierCZ,Mullernaire
denierCZ,Holly-Wood1
denierCZ,shotokan44
denierCZ,TheGreenGobblr
denierCZ,Synfaux
denierCZ,Special-K-95
denierCZ,JariPato
denierCZ,Majestic_Rule9192
denierCZ,Watergoood
denierCZ,ImportantCakeday
denierCZ,noturnormalredditor
denierCZ,IncorrectOwl
denierCZ,FrostedLoops
denierCZ,archra
denierCZ,John_Bishop-145-97
denierCZ,Phantomic_Bomb
denierCZ,EchoEX69
denierCZ,Optimal_Plate_4769
denierCZ,fmcd97
denierCZ,kitsheaven
denierCZ,Original-Chemistry23
denierCZ,IcesaveU
denierCZ,MrGamerPerson
denierCZ,tachakas_fanboy
denierCZ,le-battleaxe
denierCZ,brizla18
denierCZ,justuswendell
denierCZ,IsaacLightning
denierCZ,bdon_hudz
Desert6x6,deadtvreviews
dexter_048,TheChimpEvent2020
DezzieFoxyote,30Bear
DezzieFoxyote,TITANURANUS_SEX
DezzieFoxyote,Russe1Adl3r
DezzieFoxyote,otaku_sense1
DistributionMain7119,ImportantGreen
Dmontssj12,MaxMello01
Doit888nordoihave,olly993
Doit888nordoihave,realxShughart
Doit888nordoihave,Greyman4152
DontChewCoke,DaddyDeWitt
DontChewCoke,Joxydaskull
DontChewCoke,deadtvreviews
DonutCola,SwaghettiYolonese_
Doom4104,Showaren_elle
Doom4104,denierCZ
dopinder9865,Riftus
dopinder9865,NOTUgglaGOAT
Downtown_Restaurant1,SadHappyRobotMusic
Dr_N00B,372878887
Dragonfly-95,Dragon1562
Dragonfly-95,TheGreatFilth
Dragonfly-95,venom_dP
drcubeftw,BostonFan69
Drougen,booozle93
Drougen,CrispyChicken9996
Drougen,DemondWolf
dsb007,paranormalintrovert
dsb007,Subtotalpoet
dsb007,Moopa000
dsb007,LordBrammaster
dsb007,V_ROCK_501st
dsb007,Turd-Assassin
dsb007,DonJah43rd
dsb007,intensely_human
DShitposter69420,PowerPamaja
dudefromthepast3,motleyfamily
dukezap1,Sad_Opportunity8197
dukezap1,denierCZ
Duplex_98,rslashpolaroid
DylanTheSlaya0312,Blackclaw42
DylanTheSlaya0312,Cosmicweb08
Eagle7546_,RandomStormtrooper11
Early_Suspect_7068,SignalLossGaming
Early_Suspect_7068,Ethanbrocks
Early_Suspect_7068,-Livingonmyown-
Early_Suspect_7068,Ashamed_Attitude_344
Easypickens13,Sad_Opportunity8197
Eaton2288,CapablePerformance
Effective-Narwhal144,deadtvreviews
El_Bean69,Kalmer1
elchapothe3rd,googi14
elchapothe3rd,dexter_048
ElegantEchoes,pie_nap_pull
ElegantEchoes,SadHappyRobotMusic
ElegantEchoes,SporadicHonesty
ElegantEchoes,Z0mb13S0ldier
ElegantEchoes,ThatMomentWhenRiley
ElegantEchoes,DinoRedRex99
ElegantEchoes,Slavyslav106
ElegantEchoes,ThePassiveGamer
EmploymentSelect8281,Vandal696
Emran_Ahmed,RealMZAce
Ethanbrocks,-Livingonmyown-
Ethanbrocks,SwagJuiceJae
Ethanbrocks,Ashamed_Attitude_344
Ethanbrocks,norway642
Ethanbrocks,etm_taylor
Ethanbrocks,John_Paul_J2
Ethanbrocks,kyshomoulingi
Ethanbrocks,TheUnholyDaniel
Ethanbrocks,SJBailey03
Ethanbrocks,deadparodox
Ethanbrocks,Bamuhhhh
Ethanbrocks,r3eeeeeeeeeees
evan19994,KingChook
EvilAcr,RisingHegemon
ExiaValvrave,weekendroady
exodia0715,weekendroady
EXTIINCT_tK,IareTyler
FaultedPlace,yp261
FaultedPlace,I_use_Deagle
Faulty-Blue,Ultimus_402
Faulty-Blue,NotThirdReich
Faulty-Blue,Ohjay1982
fhb_will,Episkspelare
FightGeistC,detained_
Fluffy-Economy9858,TheeAJPowell
FreeKumo,FrankPeregrine
Friendly_Bot_,JunkCrap247
fucknuts3,JackMeoff_
funhaus2000,denierCZ
fuuiuuuck,AniGabe
galal552002,denierCZ
GalwayLad92,analbac
GeneralCraft65,chupapi_BOI
genghisKonczie,Cubsfan630
Ghost_TTV_1,denierCZ
GiantA-629,thekittiestitties00
GJM1287,Immediate-Fail9529
GlendrixDK,sornia760
GlendrixDK,Ethanbrocks
googi14,ICPGr8Milenko
googi14,EnkiRise
Grazzygreen,Brandito667
GriffinXD,Traylor_Swift
H3_-,denierCZ
Hairy_Tomato6751,rosamelano777
hamza1141,SurgingWithPower
Hayden_Jackson03,gopnik74
Historical_Maize3857,Emran_Ahmed
Hutch25,Pwispwlol
I7VFECT,ViperBite308
I7VFECT,Organic_Drop_3433
ICPGr8Milenko,Scottg8
iM-iMport,MrAcorn69420
iM-iMport,pixelvester
iM-iMport,Rooster6199
iM-iMport,Muted-Pie-7758
iM-iMport,PackGod06
IneedtoBmyLonsomeTs,Vinjince
IntellectualDweeb,jonny_knowles9320
Interesting-Pin7361,Whyamionreddit003
Interesting-Pin7361,EbolaSwagR
-InternalEnd-,pro1961
IntroductionCheap325,Downtown_Restaurant1
ipoopup,_Reporting
I-Receive-You,mikedob18
ITotalyWon,Cyrax_312
ItsApplesandOranges,memeshoper2828
ItsApplesandOranges,OutlawRamos04
ItsApplesandOranges,IlmionOmeeinUso
ItsApplesandOranges,JohnnyS1lv3rH4nd
ItsApplesandOranges,just_mark
ItsApplesandOranges,shaggywan
ItsApplesandOranges,jeffery6996
ItsApplesandOranges,unarox
ItsApplesandOranges,Jack1715
ItsApplesandOranges,TheResurrectedOne
ItsApplesandOranges,Nocapjodye
ItsApplesandOranges,KhalGhoush
ItsApplesandOranges,Cultural-Original846
ItsApplesandOranges,Relevant-Book-3086
ItsApplesandOranges,Amoungus_sussyboi-7
ItsApplesandOranges,dabs4kebabs
ItsApplesandOranges,FearDrGanzo
ItsApplesandOranges,GeometryDashWoman
ivanvrg,genericfucboi
Jabba_the_Putt,Sad_Opportunity8197
Jackamalio626,SpeedCollisis
jackhawk117,Slavyslav106
jackhawk117,kebab69666
jacksepiceye2,Hairy_Tomato6751
jakecoleman,deadtvreviews
jakecoleman,SlickDaddyP
jallee1213,Vladesku
jallee1213,medicbagfrompayday
jallee1213,battleshipdriver1
jallee1213,dapenguin15
jallee1213,BostonFan69
Jamescarne89,Saygisiz_Adam
Jaybulls1066,Saygisiz_Adam
Jehger,deadboi_chavez
JeppeHanen,AtlanteanSword
JeRicHoOL,theirishninja888
JerryCat72,Gargonez
John_Paul_J2,creepy-uncle-chad
JohnnySasaki20,FirstSTR1KE_115
JohnnySasaki20,fhb_will
Joxydaskull,CheckForAPulse_
JustwinHerbert,Atcollins1993
kaizarimperatrix,crymorenoobs
KatoG229,_idont-have-a-name_
KatoG229,Ethanbrocks
KatoG229,sunjay140
Kind_Restaurant3315,TheFuschiaIsNow
Kind_Restaurant3315,cryptowhale19
Kind_Restaurant3315,timmeedski
kirii7,Gunney55
Klutzy-Relief9894,Duyducluu
Klutzy-Relief9894,mikemonster311
Klutzy-Relief9894,Ulysses3
KoolKbeludo,themastermind6
KoolKbeludo,Bridge4_Kal
KoolKbeludo,PsnReBirthOfMac_HD
KoolKbeludo,RedditorAVP101
KoolKbeludo,PinkHairedMan01
KoolKbeludo,Nauty_YT
KoolKbeludo,HealthyAd5854
KoolKbeludo,Deixos
KoolKbeludo,mapleisnotamicrowave
KSI_FirePoker,The_Dr_Said_Dank
KSI_FirePoker,The_RealWG
lalorangel,chum_slice
LastCallKillIt,Ethanbrocks
Latamayo,KoolKbeludo
lebronsballs,coolhooves420
lifeleecher,apolobgod
-Livingonmyown-,TheWiseBeluga
lNuggyl,Sad_Opportunity8197
LoganJn,PxcKerz
loganpod,deadboi_chavez
lotziko25,Responsible_Artist46
Lucas_Islas,Indie-Santana1
Lucky7Revolver,hardcorpardcor1
Lucky7Revolver,Effective-Celery8053
Lucky7Revolver,ThickRick1234
Lwallace95,ImportantGreen
mambakobe8,1LakeShow7
mambakobe8,boomheadshot7
mambakobe8,Watchman74
ManagerQueasy9591,bonemech_meatsuit
mangledpenguin,Bones301
mangledpenguin,Collofkids
Maxman82198,Puzzled-Delivery-242
MayKinBaykin,ShaderzXC
McBonkyTron,Showaren_elle
McBonkyTron,denierCZ
Medium-Hornet2470,Sad_Opportunity8197
Medium-Hornet2470,weegeetheman
Medium-Hornet2470,sornia760
Medium-Hornet2470,iM-iMport
Medium-Hornet2470,ntrealnvrwas
Medium-Hornet2470,RandomPerson521
Medium-Hornet2470,DonutCola
Medium-Hornet2470,Eagle7546_
Memesvonberkay,BobaFett_42
Memesvonberkay,Sc17ba51
Memesvonberkay,Snivinerior
MetalingusMike,Medium-Hornet2470
MetalingusMike,KingChook
MetalingusMike,SignalLossGaming
micho6,kwc04
milney327,Zer0Her01
milney327,TheRussianBear420
milney327,MrKevora
milney327,Aeterna117
milney327,critlvcritlvcritlv
milney327,Drougen
milney327,Kangorro
milney327,Sleepingtide
milney327,DemondWolf
milney327,StrangeVaultDweller
milney327,VariationAdmirable82
milney327,Gryphoth
miniladds-clone,jaelking
MitchsMisadventures,Daniel90768
MitchsMisadventures,unknownalias12
Mizfit314,Yoconn
moenchsbraeu,HELPMYSEARCHHISTORY
Moopa000,WindowsXP5797
motleyfamily,Saygisiz_Adam
Mr_Gamer_69,narfidy
Mr_Gamer_69,SmudgeGien
Mr_Gamer_69,Lux_Operatur
Mr_Gamer_69,PaleRiderHD
Mr_Gamer_69,5moka
Mr_Gamer_69,DeadShotXU
Mr_Gamer_69,KINGOFTHEBRIEFS
Mr_Gamer_69,datb0yavi
Mr_Gamer_69,ITS-YA-BOI-A-A-RON
Mr_Gamer_69,Derailleur75
Mr_Gamer_69,Facopic
Mr_Gamer_69,Muhammad53323
MR_MEME_42,DistributionMain7119
MrAndrew1108,fhb_will
MrKevora,ComfortablyBalanced
MrTacc,ScapeGoatOfWar
Muhammad53323,bonemech_meatsuit
municinvestigator,MAXHEADR0OM
municinvestigator,greatmonster007
NathanCollier14,Z0mb13S0ldier
NicePutt,No-Field-2337
No-Ad-4185,Cpt_Apollo_
No-Cricket1094,Organic_Drop_3433
No-Field-2337,SpHD7489
norway642,creepy-uncle-chad
NoSquiIRRelL_,Sleepingtide
NoSquiIRRelL_,TheeAJPowell
NoSquiIRRelL_,RuggedTheDragon
Not_Artifical,deadtvreviews
ntrealnvrwas,MEDAKk-ttv-btw
NuttyIrishMan93,bonemech_meatsuit
Objective_Watch,Showaren_elle
OffensiveAss,Showaren_elle
OkAd7449,Ethanbrocks
Onetimeguy8,Swamp_Donkey_796
Onetimeguy8,BlackBeard205
Onetimeguy8,ThasKindaGay
Onetimeguy8,Terrorknight141
Onetimeguy8,Alt1119991
Onetimeguy8,Aclysmic
Onetimeguy8,micho6
Onetimeguy8,ScheidNation21
Onetimeguy8,F_1_V_E_S
Onetimeguy8,ElMismisimoHDP
Onetimeguy8,McBonkyTron
Onetimeguy8,MOZAN33R
Onetimeguy8,OffensiveAss
Onetimeguy8,voidlupusofficial
Onetimeguy8,raging_hewedr147
Onetimeguy8,Sychronizer1977
Onetimeguy8,GLFan52
Onetimeguy8,Significant_Value_27
Onetimeguy8,DJW11
Onetimeguy8,grcopel
Onetimeguy8,BTonICEE
Onetimeguy8,Coffee_Bomb73-1
Onetimeguy8,RDR2Enthusiast
Onetimeguy8,KilldaSuits
Onetimeguy8,pls_dont_bann_me
Onetimeguy8,EggsLayChickens
Onion5253,chicharron123
Original-Chemistry23,iM-iMport
Original-Chemistry23,PackGod06
Osmanchilln,someoneSuperBad
Osmanchilln,Competitive_News_385
Osmanchilln,Yo_Wats_Good
Osmanchilln,Edgar-Allan-Pho
paddchy,municinvestigator
paddchy,JD60x1999
paddchy,N-B_Ninja
paddchy,SirBurns72
paddchy,CapnGnobby
paddchy,Aarshayan45069
paddchy,MAXHEADR0OM
paddchy,SternLecture
paddchy,Riggamortizz
paddchy,Ambada-Thakali
painfulbunny__,Veggietuh
pankakke_,DontChewCoke
paperkutchy,Umbrella2k
paranormalintrovert,Hayden_Jackson03
PartyImpOP,CapablePerformance
PartyImpOP,LucasPlay171
PartyImpOP,SuperDogBoo
PartyImpOP,KSI_FirePoker
PartyImpOP,The_RealWG
pickleFISHman,bonemech_meatsuit
Ping-and-Pong,denierCZ
pls_dont_bann_me,Showaren_elle
Pontooniak96,Grazzygreen
Pontooniak96,CapablePerformance
Pontooniak96,SeaGL_Gaming
pro1961,top-chopa
Puggleboi2,EvilAcr
Puggleboi2,I-Receive-You
Puggleboi2,vbsbazooka
Puggleboi2,DblClickyourupvote
Puggleboi2,Cheeseboii83
Puggleboi2,hifi3xx
Puggleboi2,IknowNothing6942069
Puggleboi2,Essentialredditor
Puggleboi2,PradaGT
Puggleboi2,Moleman_G
Puggleboi2,sandykun9
Puggleboi2,716um
Puggleboi2,Mahonneyy123
Puggleboi2,Trax852
Puggleboi2,thebikefanatic
Puggleboi2,PrimusDCE
Puggleboi2,Redd_Spectre
Puggleboi2,MandoMan63
Puggleboi2,Mikatatadorin
Puggleboi2,Matthew-6464
Puzzled-Delivery-242,MayKinBaykin
Pyroplsmakepetscop2,SaveVideo
QuicktimeSam,DemiDivine
RadPhilosopher,sornia760
RadPhilosopher,bonemech_meatsuit
Raikou_Kaneki,Saygisiz_Adam
rampageT0asterr,RoboTurnip17
RandomPerson521,El_Bean69
Ratchet2332,sornia760
RavenousAdams,SadHappyRobotMusic
RCM88x,Showaren_elle
RealMZAce,DangerousKirby
RealMZAce,FantasticOReddit
RealMZAce,N0_ST3P_0N_SN3K_
RealMZAce,Coach-Topher
RealMZAce,ImEverywhereOnReddit
RealMZAce,Fit_Ad_5752
realxShughart,That_Guy381
Red4297,julysniperx
REDPURPLEBLOOD2,sornia760
Relevant-Ad-8022,xdpxxdpx
Relevant-Ad-8022,denierCZ
Relevant-Ad-8022,Accurate_Ad_3626
Relevant-Ad-8022,Holly-Wood1
Relevant-Ad-8022,Embarrassed-Split-71
Responsible-Bench528,DezzieFoxyote
Responsible-Bench528,Dr_N00B
Riftus,AFishNamedFreddie
Riftus,jakecoleman
Riftus,Sad_Opportunity8197
rslashpolaroid,KoolKbeludo
rslashpolaroid,denierCZ
RuggedTheDragon,deadtvreviews
RuggedTheDragon,Bigblackman82221
RuggedTheDragon,iM-iMport
RuggedTheDragon,christiancook6756756
RuggedTheDragon,TheKingTone
RuggedTheDragon,innocent-boy-69
RuggedTheDragon,Richiieee
RuggedTheDragon,suicideking72
RuggedTheDragon,Chakramer
RuggedTheDragon,DemondWolf
RuggedTheDragon,_how_do_i_reddit_
RuggedTheDragon,mcdonalds_baconater
RuggedTheDragon,YaBoiStreek
RuggedTheDragon,Medium-Hornet2470
RuggedTheDragon,mangledpenguin
RuggedTheDragon,Nauty_YT
RuggedTheDragon,Transitsystem
RuggedTheDragon,chris-_-topher_-_
RuggedTheDragon,xGeuss
RuggedTheDragon,Ok-Chard9898
RuggedTheDragon,Exotic_Royal8545
RuggedTheDragon,Streamfest
RuggedTheDragon,pixelvester
RuggedTheDragon,Original-Chemistry23
RuggedTheDragon,DonutCola
RuggedTheDragon,JustASyncer
RuggedTheDragon,Ohjay1982
RuggedTheDragon,Ethanbrocks
RuggedTheDragon,Spare_Rate7191
Sad_Opportunity8197,Duyducluu
Sad_Opportunity8197,rampageT0asterr
Sad_Opportunity8197,aloks97
Sad_Opportunity8197,mikemonster311
SadHappyRobotMusic,DylanTheSlaya0312
SadHappyRobotMusic,Relevant-Ad-8022
SadHappyRobotMusic,nick_San96
SadHappyRobotMusic,Suicidalbutohwell
SadHappyRobotMusic,Jaybulls1066
SadHappyRobotMusic,Onion5253
SadHappyRobotMusic,Cosmicweb08
SadHappyRobotMusic,convolutedCockRing
SadHappyRobotMusic,SporadicHonesty
SadHappyRobotMusic,Mrsocko95
SadHappyRobotMusic,drcubeftw
SadHappyRobotMusic,kaizarimperatrix
SadHappyRobotMusic,daymarEngel
SadHappyRobotMusic,DeJuanBallard
SadHappyRobotMusic,DDDLoneWolf023222
SadHappyRobotMusic,MetalingusMike
SadHappyRobotMusic,malevolentdemon
SadHappyRobotMusic,NotoriousbiggsX
SadHappyRobotMusic,YamahaLDrago
SadHappyRobotMusic,xdpxxdpx
SadHappyRobotMusic,funhaus2000
SadHappyRobotMusic,chicharron123
SadHappyRobotMusic,Safe_Inspection69
SadHappyRobotMusic,LukaTheGamer123
SadHappyRobotMusic,Ok-Helicopter4958
SadHappyRobotMusic,twohundredmikes
SadHappyRobotMusic,CommunismLover3323
SadHappyRobotMusic,ITriedLightningTendr
SadHappyRobotMusic,rgeu7382i
SadHappyRobotMusic,eternal_existence1
SadHappyRobotMusic,BaileyJIII
SadHappyRobotMusic,T_Peg
SadHappyRobotMusic,Insanity8016
SadHappyRobotMusic,SgtGhost57
SadHappyRobotMusic,UziiLondon1600
SadHappyRobotMusic,LohAries
SadHappyRobotMusic,Shock_the_Core
SadHappyRobotMusic,Better-Context-4727
SadHappyRobotMusic,NotInvadingBerlin
SadHappyRobotMusic,x_iTz_iLL_420
SadHappyRobotMusic,BLaRowe10
SadHappyRobotMusic,AlanIsAwake
SadHappyRobotMusic,TheTalentedMrK
SadHappyRobotMusic,rcjhgoKU_11
SadHappyRobotMusic,Equalcolon17
SadHappyRobotMusic,Qyokai
SadHappyRobotMusic,Worldly_Yogurt6194
SadHappyRobotMusic,Evil_Itself
SadHappyRobotMusic,Virtual-Internal-324
SadHappyRobotMusic,Letsvybmeatstix
SadHappyRobotMusic,Enough-Exercise-211
SadHappyRobotMusic,Kooky-Ad6715
SadHappyRobotMusic,Responsible-Bench528
SadHappyRobotMusic,BostonFan69
SadHappyRobotMusic,Pichuunnn
SadHappyRobotMusic,Ya-boi-Benaboy
SamSlayer09078-x,denierCZ
samson778260,Sufferity
SamuraisEpic,CursedMClol
SaveVideo,MonkeyManBanana
SaveVideo,NimbleVaseline
SaveVideo,evan19994
Saygisiz_Adam,ZoootyFruity
Saygisiz_Adam,ClamBamFam
Saygisiz_Adam,JohnnySasaki20
Saygisiz_Adam,FirstSTR1KE_115
Saygisiz_Adam,skeletron27
Saygisiz_Adam,Difficult-Dog-3349
Saygisiz_Adam,AceThug
Saygisiz_Adam,escott244
Saygisiz_Adam,Euklidis
Saygisiz_Adam,Secular_Hamster
Saygisiz_Adam,crimgeunfunny
Saygisiz_Adam,Moshfeg123
Saygisiz_Adam,suicideking72
Saygisiz_Adam,sened11
Saygisiz_Adam,DennisDear1234
Saygisiz_Adam,exodia0715
Saygisiz_Adam,Poopyhead_Stinkyface
Saygisiz_Adam,quinnby1995
Saygisiz_Adam,VincentVanJ
Saygisiz_Adam,MrAndrew1108
Saygisiz_Adam,Pure-Can5411
Saygisiz_Adam,hollandsquirtlesquad
Saygisiz_Adam,nerddddd42
Saygisiz_Adam,Easypickens13
Saygisiz_Adam,ZedFraunce
Saygisiz_Adam,Krzych123
Saygisiz_Adam,ShadowWolf7259
Saygisiz_Adam,crushinit2
Saygisiz_Adam,GWS_REVENGE
Saygisiz_Adam,Pleasant-Rice822
Saygisiz_Adam,RAINESest2005
Saygisiz_Adam,Austinf54555
Saygisiz_Adam,XuX24
Saygisiz_Adam,Pyroplsmakepetscop2
Saygisiz_Adam,darth__anakin
Saygisiz_Adam,Neaty
Saygisiz_Adam,pankakke_
Saygisiz_Adam,Ryenxx
Saygisiz_Adam,itsDRZH
Saygisiz_Adam,AntisocialScotch
Saygisiz_Adam,SharkmanCPW
Saygisiz_Adam,auschlitz1018
Saygisiz_Adam,TheRealDaddyPency
Saygisiz_Adam,chrisupt2001
Saygisiz_Adam,DontChewCoke
Saygisiz_Adam,varangian_guards
Saygisiz_Adam,Flashfighter
Saygisiz_Adam,acoolrocket
SBAPERSON,Ultimus_402
SBAPERSON,SpeedCollisis
SBAPERSON,Puggleboi2
SBAPERSON,Umbrella2k
SBAPERSON,Desert6x6
Sc17ba51,_idont-have-a-name_
ScoobyMcDooby93,sunqiller
ScottyFoxes,2Warden
ScottyFoxes,InfernoDragonKing
ScottyFoxes,NathanCollier14
ScottyFoxes,miniladds-clone
ScottyFoxes,RevolutionaryTry7031
ScottyFoxes,SgtVinBOI
Secular_Hamster,fhb_will
SgtVinBOI,ScoobyMcDooby93
SgtVinBOI,RubyKarmaScoots
SgtVinBOI,Ayzeefar
Shade00000,BoostedEcoDonkey
Shade00000,Trinity302
ShibuRigged,SpHD7489
ShibuRigged,jakecoleman
Shinigamisama00,coolhooves420
Shinigamisama00,SurgingWithPower
shirdool,SchruteFruit
shirdool,Ethanbrocks
shirdool,Brandito667
shirdool,longdongopinionwrong
shirdool,SJBailey03
Showaren_elle,GJM1287
Showaren_elle,lebronsballs
Showaren_elle,Intezard006
Showaren_elle,FaultedPlace
Showaren_elle,ilovefloppa
Showaren_elle,Nouri_Cheater
Showaren_elle,mistah_pigeon_69
Showaren_elle,softredina
Showaren_elle,sahaidachny1337
Showaren_elle,saltyfuck111
Showaren_elle,CoolestEverMade
Showaren_elle,hollywoodcrap67
Showaren_elle,birkinbagdaddy
Showaren_elle,t0pshagg3r
Showaren_elle,NicePutt
Showaren_elle,Hairy_Tomato6751
Showaren_elle,DietDrWater
Showaren_elle,HolyPebber
Showaren_elle,ironbrianESQ
Showaren_elle,Meaty_Boii
Showaren_elle,ChumbisPoody
Showaren_elle,DarkKingXvX
Showaren_elle,mikeyyyyyd
Showaren_elle,FireHitPanic
Showaren_elle,IWantUrFoodDood
Showaren_elle,SamSlayer09078-x
Showaren_elle,desertshark6969
Showaren_elle,-YaQ-
Showaren_elle,mordechie
Showaren_elle,annomynous23
Showaren_elle,Srom
Showaren_elle,a_dude111
Showaren_elle,_PeacefulGhost_
Showaren_elle,oxanonthelocs
Showaren_elle,bryty93
Showaren_elle,RavenousAdams
Showaren_elle,andrew_wessel
Showaren_elle,Twisteryx
Showaren_elle,cmaster1234
Showaren_elle,WanPwr5990
Showaren_elle,animeist16
Showaren_elle,JM91Six
Showaren_elle,2ndbA2
Showaren_elle,gamer-and-furry
Showaren_elle,Pugs4peeps
Showaren_elle,MR_MEME_42
Showaren_elle,I-Honestly_Dont-Care
Showaren_elle,Boltboy1833
Showaren_elle,60ATrws
Showaren_elle,Friddles-14
Showaren_elle,No-Field-2337
Showaren_elle,Ok_Pepega
Showaren_elle,IllumiNotHD
Showaren_elle,WeebPlayingCoDM
Showaren_elle,DC150YT
Showaren_elle,AgentSandstormSigma
Showaren_elle,DNCDeathCamp
Showaren_elle,Biggusdickus694
Showaren_elle,JunoBun
Showaren_elle,str8-shot
Showaren_elle,ShisuiGamer9_YT
Showaren_elle,tripsicks_
Showaren_elle,Sphrilix_Carnage1219
Showaren_elle,Devilstaff115
Showaren_elle,b1n4ry01
Showaren_elle,Friendly-Campaign227
Showaren_elle,Hap-e
Showaren_elle,Foxyccc
Showaren_elle,GabeGamerGuy
Showaren_elle,foolishchicho
Showaren_elle,VHboys
Showaren_elle,RudeJuggernaut
Showaren_elle,TheLargestBite
Showaren_elle,WhosPhantom
Showaren_elle,Z3tex_YT
Showaren_elle,CRPanda_
Showaren_elle,Mach1Mike13
Showaren_elle,CompleteFacepalm
Showaren_elle,OverPainment
Showaren_elle,omdrik
Showaren_elle,Shinigamisama00
Showaren_elle,IndependentFox1730
Showaren_elle,8bitmaster515
Showaren_elle,AhmedEx1
Showaren_elle,dudedudetx
Showaren_elle,Azkinyte
Showaren_elle,FollowupJiggle
Showaren_elle,Saft_Chri
Showaren_elle,kurisu_trash
Showaren_elle,EvadeArtsy
Showaren_elle,Isziahs
Showaren_elle,Loris2004
Showaren_elle,chrisgreely1999
Showaren_elle,ShibuRigged
Showaren_elle,MkfMtr
Showaren_elle,TattooedT3rmite
Showaren_elle,MasterBathingBear
Showaren_elle,kaotikmindz
Showaren_elle,GeneLaBean
Showaren_elle,Zou__
Showaren_elle,redder_dominator
Showaren_elle,JK_Chan
Showaren_elle,chominnji99
Showaren_elle,CODM_MasterIII
Showaren_elle,brandnewk
Showaren_elle,MrAlexanderBlack
Showaren_elle,StormWarVeteran
Showaren_elle,Dylboy1029
Showaren_elle,dylgonzo23
Showaren_elle,LQQBS
Showaren_elle,Silent-Primary-9826
Showaren_elle,RagingBuddha79
Showaren_elle,dedicatedoni
Showaren_elle,RealestYG
Showaren_elle,zRamses
Showaren_elle,Possible_Drawing_868
Showaren_elle,LogicalCauliflower97
SignalLossGaming,chixnsix
siikdUde,DaddyDeWitt
siikdUde,jakecoleman
siikdUde,Mr_Gamer_69
siikdUde,thebaunehunter
siikdUde,Pristine_Telephone76
Slavyslav106,KSI_FirePoker
Slavyslav106,GeneralCraft65
Slavyslav106,Ianm9
Slavyslav106,AngryHobo381
Slavyslav106,spaghetti012
Slavyslav106,DurfGibbles
Slavyslav106,Stefan_DoesReddit
Slavyslav106,JoshMcJoshy
Slavyslav106,Finka57
Slavyslav106,AlirezaSaei
Slavyslav106,creetic
Slavyslav106,Hot-Surprise-2466
Sleepingtide,TBtheGamer12
Sleepingtide,DemondWolf
SmudgeGien,Efficient-Force2651
SnapShooter07,Wehhass
SnapShooter07,ScottyFoxes
someoneSuperBad,eastern_shoreman
sornia760,PieSpirited2247
sornia760,Flaifel7
sornia760,bb250517
sornia760,EchoGamer_
sornia760,MrCucumber7511
sornia760,Pintexxz
sornia760,timo-el-supremo
sornia760,wambell03
sornia760,OnQore
sornia760,Venonomicon
sornia760,Kickass2099
sornia760,Odioshi
sornia760,Oblivious-abe-69
sornia760,seniairam
sornia760,CR7KRUL
sornia760,WorldFox4775777
sornia760,JackstaWRX
sornia760,ryangw1982
sornia760,ballstothewallsby
sornia760,GamingLogicBot
sornia760,5671234duck
sornia760,Ok_Cheesecake3978
sornia760,Repulsive_Chemical_7
sornia760,Enjoy_Your_Blunders
sornia760,SourPatchAdults1
sornia760,Fragrant-Cook6615
sornia760,Distalyricsx
sornia760,Dangerous-Report-879
sornia760,jrjh1997
sornia760,Hour_Village
sornia760,zachswartz3
sornia760,PreviousAvocado5599
sornia760,Jumpy_Wizzard_
sornia760,SHAMPAIN2002
sornia760,Devron119
sornia760,Thirtyred
sornia760,Brilliant-Ad-1962
sornia760,cod069
sornia760,emanuel_a
sornia760,SilentDeath013
sornia760,f0xr0
sornia760,chriislmaoo
sornia760,Falconlis_28_2006
sornia760,Merrick_ABAO
sornia760,gregshucks
sornia760,whatsgoingonjeez
sornia760,shairo98
sornia760,spotsthefirst
sornia760,GlumSouth39
sornia760,darkwither14694
sornia760,shangula
sornia760,bensleton
sornia760,MadeBrazen
sornia760,Nochumps
sornia760,JohnnyCenter
sornia760,Unusual-Warthog-4606
sornia760,Pleasant_prat
sornia760,GFX_FlewArts
sornia760,caelis76
sornia760,LilMushroomBoi
sornia760,MLG-N3WBE
sornia760,Altruistic-Ad-1900
sornia760,AkakiPeikrishvili
sornia760,24O1Penitent-Tangent
sornia760,Deeeeeeeeeeezsnutz
sornia760,Dburn1996
sornia760,SithMaster_Dan
sornia760,ggRezy
sornia760,philakane
sornia760,kek_Pyro
sornia760,yz2996
sornia760,WildNebula1810
sornia760,andyc3020
sornia760,Rico_CCXXVIII
sornia760,Impressive-Basil-135
sornia760,Lanky_Weakness_3657
sornia760,NeonMagic
sornia760,ICE_T-
sornia760,TimBobNelson
sornia760,Codybgood707
sornia760,Resident_Flight_2476
sornia760,Anime-SniperJay
sornia760,Freaks-Cacao
sornia760,GerryAvalanche
Spare_Rate7191,jms209
Spare_Rate7191,DarthHoodieBB
SpeedCollisis,SirCleanPants
SpeedCollisis,WacoWizard_II
SpeedCollisis,FPSeries
SpeedCollisis,flamefox88
SpeedCollisis,post_holer
SpeedCollisis,DeputyValdez
SpeedCollisis,MistaPeng
SpeedCollisis,GAMINGWITHDEXTERYT
SpeedCollisis,defensife343
SpeedCollisis,fleeboiswagyolo
SpeedCollisis,happychillin3
SpeedCollisis,UnstableParallel
SpeedCollisis,Frostwolf74
SpeedCollisis,xXheil_Pokywan420_Xx
SpHD7489,ivanvrg
Sphrilix_Carnage1219,Emran_Ahmed
StandardVirus,deadtvreviews
Star301jester,Medium-Hornet2470
Star301jester,Emran_Ahmed
Star301jester,Monkiller587
Star301jester,Detcader_101
StellarBossTobi,KoolKbeludo
SteveB1901,Emran_Ahmed
suicideking72,autistic__guitar
suicideking72,WvterMelan
sunjay140,DewtheDew85
t_will_official,deadtvreviews
Tamanero,denierCZ
Tamanero,Ethanbrocks
TBtheGamer12,sethsticulars
TBtheGamer12,hailteamore7
TBtheGamer12,denierCZ
ThasKindaGay,RCM88x
ThasKindaGay,Pontooniak96
ThasKindaGay,Ghost_TTV_1
that-hollie,Sad_Opportunity8197
THE_JonnySolar,ItsMrDaan
THE_JonnySolar,DeithvsChrist
TheChimpEvent2020,SadHappyRobotMusic
thedylannorwood,Virus_98
thedylannorwood,CR7KRUL
thedylannorwood,Frost-Wzrd
thedylannorwood,jacktancrell
TheeAJPowell,Zer0Her01
TheeAJPowell,im_u_u
TheeAJPowell,HeyRogi
TheeAJPowell,UsedGamertag
TheeAJPowell,SleepyHarry
TheeAJPowell,Detcader_101
TheFuschiaIsNow,Doit888nordoihave
TheFuschiaIsNow,cryptowhale19
TheFuschiaIsNow,TheBOSS531
TheFuschiaIsNow,Braydon1324
TheFuschiaIsNow,lxndrlk
TheFuschiaIsNow,IntroductionCheap325
TheFuschiaIsNow,jallee1213
TheFuschiaIsNow,DarkWing2274
TheFuschiaIsNow,Full-Ad1818
TheFuschiaIsNow,Fresh-Boysenberry-63
TheFuschiaIsNow,Blne_Cm_9863
TheGreenGobblr,Dr_N00B
TheHoIyCroissant,beastmodegamer13-ttv
TheHoIyCroissant,A_Political_Person
TheHoIyCroissant,Sure_Departure4738
TheRed24,denierCZ
TheSerpentDeceiver,Matt_has_Soul
TheWiseBeluga,Spare_Rate7191
TheWiseBeluga,SerplePurple
TigerWoods6969,FuzzyEatHer
TigerWoods6969,MouldyPriestASSHOLE
TiposTaco,HAL-9420
TiposTaco,Mizfit314
TiposTaco,SamDuymelinck
TiposTaco,mitch8893
TiposTaco,Party-Glove24
TiposTaco,A_Simpson5
TiposTaco,TurquoiseRose7
TiposTaco,Emzilla200
TiposTaco,showtime15daking23
TiposTaco,Ilyak1750
TiposTaco,Fishsticks292
TiposTaco,MajM3RK
TiposTaco,H3_-
TiposTaco,Trishiefishie_peach
TiposTaco,Material-Disk-1611
Transitsystem,jandydand
traw056,ToxicNoob47
Trinity302,Big_Money_bags23
turbosteve1848,Shade00000
Twisteryx,MasterBathingBear
TwyJ,lalo254917
Ultimus_402,Vag7
Ultimus_402,RDR2018
Ultimus_402,thedylannorwood
Ultimus_402,JBroZTv
Unlost_maniac,SurgingWithPower
Unlost_maniac,Ethanbrocks
Unlost_maniac,SwagJuiceJae
Unlost_maniac,Early_Suspect_7068
Unlost_maniac,creepy-uncle-chad
VincentVanJ,fhb_will
Vinjince,ITotalyWon
Vladesku,Jimjones341
Vladesku,rednick953
Vladesku,canianallyrapeyou
Vladesku,BiandReady2Die_
WacoWizard_II,AFishNamedFreddie
WacoWizard_II,mrchicano209
WanPwr5990,Slavyslav106
Watchman74,lunardart
Waughy,siikdUde
weegeetheman,KrunchyKushKing
weegeetheman,denierCZ
weegeetheman,sornia760
weekendroady,8l172
weekendroady,Snake_eyes_12
weekendroady,MitchsMisadventures
weekendroady,mintchoco9
WelcomeTheChase,4ever_lost
What_The_Hell96,Awayze
wigga245,Boss_Man007
x_Reign,Camstamash
Xill_K47,Death_brick
Xill_K47,Ultimus_402
xMadruguinha,IneedtoBmyLonsomeTs
XuX24,sornia760
XuX24,PinoDegrassi
Yorkie321,CapnGibbens
yp261,Ultimus_402
yp261,ATotallyAssholeGuy
yp261,deadtvreviews
YumnJame,BourbonBurro
ZavexPG3D,sornia760
Zombieman12378,deeznutzateon
ZoootyFruity,SpeedCollisis
ZoootyFruity,Jehger
