Id,Sentiment
Onetimeguy8,1
Glockodile_Dun-D,1
BlackBeard205,0
ThasKindaGay,0
Terrorknight141,1
Alt1119991,1
Aclysmic,0
micho6,1
ScheidNation21,1
McBonkyTron,1
OffensiveAss,1
Sychronizer1977,1
Significant_Value_27,1
BTonICEE,1
xXRoachXx789,1
xeno_cws,1
Im13butihatefortnite,1
pls_dont_bann_me,1
RCM88x,0
Pontooniak96,1
Ghost_TTV_1,1
isWolfz,1
biggggmac,1
urru4,0
SexySturmtruppen,1
pricesturgidtache,1
gk99,1
TatoPotat,1
asdfghjkl149,1
StopWhiningYouNerd,1
itzRealzBoyz0,1
GolemThe3rd,1
Kenny1115,1
Chief_Serge,1
RadicalAi,1
jinnyjonny,0
Icy-Tower-3479,1
spacepeenuts,0
Dramatic_Country2535,1
ajamuso,1
Accurate-Row-8539,1
reevoknows,0
TheRealvGuy,1
RazorGuy223,1
barisax9,1
ItisNOTatoy,0
worldwar2nerd280,1
CluckenDip,1
cheekibreeki_kid,1
AricelliTheFur,1
NoSquiIRRelL_,1
Doom4104,1
Ratchet2332,0
RuggedTheDragon,1
Jamescarne89,1
Kind_Restaurant3315,1
FinestFlowers,0
jacksepiceye2,1
bjbgamer,1
DawnRav3n,1
Waughy,0
siikdUde,0
Unlost_maniac,1
con247,1
Objective_Watch,1
PM_ME_COOL_THINGS_,0
wigga245,1
Lucas_Islas,1
TwyJ,1
TheSerpentDeceiver,1
-InternalEnd-,0
PartyImpOP,0
Eaton2288,1
Showaren_elle,1
GJM1287,0
lebronsballs,1
Intezard006,0
FaultedPlace,1
NicePutt,1
Hairy_Tomato6751,1
SamSlayer09078-x,0
annomynous23,1
Srom,1
bryty93,1
RavenousAdams,1
Twisteryx,1
WanPwr5990,0
MR_MEME_42,1
Boltboy1833,1
No-Field-2337,1
Sphrilix_Carnage1219,1
CRPanda_,1
CompleteFacepalm,1
Shinigamisama00,1
AhmedEx1,0
Azkinyte,0
chrisgreely1999,1
ShibuRigged,1
RagingBuddha79,1
coolhooves420,1
SpHD7489,1
elchapothe3rd,0
shirdool,0
Interesting-Pin7361,1
THE_JonnySolar,1
SchruteFruit,1
xMadruguinha,1
genghisKonczie,1
ivanvrg,1
googi14,1
dexter_048,1
IneedtoBmyLonsomeTs,1
yp261,0
ElegantEchoes,0
TheChimpEvent2020,1
Yorkie321,1
CapnGibbens,1
DeithvsChrist,0
TheFuschiaIsNow,1
Doit888nordoihave,1
IntroductionCheap325,1
jallee1213,1
DarkWing2274,1
olly993,1
realxShughart,1
Downtown_Restaurant1,0
SadHappyRobotMusic,1
DylanTheSlaya0312,1
Relevant-Ad-8022,1
nick_San96,1
Suicidalbutohwell,1
Jaybulls1066,1
Onion5253,1
Cosmicweb08,0
drcubeftw,1
kaizarimperatrix,1
MetalingusMike,1
AutoModerator,1
mac4112,1
funhaus2000,1
chicharron123,0
eternal_existence1,1
Insanity8016,0
Responsible-Bench528,1
Blackclaw42,0
FaithfulMoose,1
gurganos,1
JeppeHanen,1
BostonFan69,1
QuicktimeSam,1
ipoopup,0
dudefromthepast3,0
Vladesku,1
crymorenoobs,1
Kryptonikzzz,1
Admirable_Elk_965,1
The_Chimeran_Hybrid,1
FlipGordon,0
Faulty-Blue,1
maverick__singh,1
paddchy,1
municinvestigator,0
JD60x1999,0
CapnGnobby,1
MAXHEADR0OM,0
Riggamortizz,1
VaultyBoi76,0
Timbishop123,0
TheHoIyCroissant,0
sorryaboutyourbarn,0
DeFaLT______,1
VLenin2291,0
llamanatee,1
Vinjince,1
dahveeth,1
DistributionMain7119,1
Kluuz,1
Captain_Banana_13,1
alaskancurry,1
Xill_K47,1
t_will_official,0
Lwallace95,1
Alexspacito,1
TheNullOfTheVoid,0
SBAPERSON,0
WTATY,1
pickleFISHman,1
ITotalyWon,1
TICKLES-MY-TAINT,1
Ultimus_402,1
I_use_Deagle,0
Popped_smoke,1
Megumi_Bandicoot,1
kirii7,1
iaminpain0-0,0
Hekboi91,0
LeShordie,0
tl27Rex,1
pineapple-n-man,0
Coupi_Doupi,1
OblivionCrisis3e,1
Strange_Rang3,1
Chucanoris,1
NoOneLordOfNothing,0
Pow67,1
Red4297,0
dopinder9865,0
LastCallKillIt,1
dukezap1,1
REDPURPLEBLOOD2,1
SamuraisEpic,1
innocent-boy-69,1
cerealbro1,0
hamza1141,0
lNuggyl,1
Carter0108,0
that-hollie,1
Axxxem,1
Riftus,1
Tamanero,1
Jabba_the_Putt,0
Raikou_Kaneki,1
motleyfamily,0
SeaGL_Gaming,1
whyisna,1
Koolin12345,0
DShitposter69420,1
Jackamalio626,0
LoganJn,1
TigerWoods6969,1
dduckets087,1
Ping-and-Pong,0
Grazzygreen,1
CapablePerformance,1
thedylannorwood,1
Brandito667,1
EXTIINCT_tK,1
Saygisiz_Adam,1
ZoootyFruity,0
ClamBamFam,1
JohnnySasaki20,1
skeletron27,1
Difficult-Dog-3349,1
Euklidis,1
Secular_Hamster,1
crimgeunfunny,0
suicideking72,1
exodia0715,1
VincentVanJ,0
MrAndrew1108,0
Easypickens13,1
Austinf54555,0
XuX24,1
Pyroplsmakepetscop2,0
darth__anakin,1
pankakke_,1
SharkmanCPW,0
The-Filipino-Gamer,1
fhb_will,1
Memes_kids,1
SaveVideo,0
DontChewCoke,0
Episkspelare,1
Joxydaskull,0
MrOtto47,1
brycii_,1
AnsweredBarley0,0
Inner_shadower0,1
TheRed24,0
andreajs354,0
I7VFECT,0
-NOXPLODE-,1
bleachbum98,1
No-Cricket1094,0
Not_Artifical,1
Effective-Narwhal144,1
WvterMelan,0
PR0G4M3R05,1
God_Damnit_Nappa,1
Codman7,1
weekzSNL,0
Faceless132,1
Knekten66,1
pro1961,0
SnapShooter07,1
Dragonfly-95,1
Awkward-Weekend2044,1
Latamayo,1
StandardVirus,1
Ender_Khan71,0
Duplex_98,1
rslashpolaroid,0
Klutzy-Relief9894,0
Fluffy-Economy9858,1
TheeAJPowell,1
Wehhass,1
galal552002,1
SpeedCollisis,1
F4llEN_____,1
MiseryQueen,1
Bloo-shadow,1
Mrcountrygravy,0
SirCleanPants,0
WacoWizard_II,1
FPSeries,0
Desert6x6,1
Jehger,0
AFishNamedFreddie,0
Maxman82198,1
Puzzled-Delivery-242,1
loganpod,0
deadboi_chavez,1
MayKinBaykin,1
jakecoleman,1
ExiaValvrave,1
Mr_Gamer_69,1
SmudgeGien,1
datb0yavi,0
Muhammad53323,1
CandyCane147,1
Memesvonberkay,1
Sc17ba51,0
deadtvreviews,1
NotASexOffenderWink,0
ZavexPG3D,1
Star301jester,1
SteveB1901,0
StellarBossTobi,1
Consistent-Force5375,1
Historical_Maize3857,1
Medium-Hornet2470,1
Emran_Ahmed,1
Monkiller587,1
NimbleVaseline,1
Zombieman12378,1
deeznutzateon,1
kingosanopp,1
lalorangel,1
chum_slice,1
ScottyFoxes,1
2Warden,0
InfernoDragonKing,0
NathanCollier14,0
miniladds-clone,1
RevolutionaryTry7031,0
SgtVinBOI,1
KodiakPL,1
jaelking,1
Puggleboi2,1
EvilAcr,0
I-Receive-You,0
Cheeseboii83,0
nousernamejustbc,1
BurnerOnlyForPorn,0
Ondexb,1
heyuhitsyaboi,0
youngst_gamer,1
Trax852,0
MandoMan63,1
Mikatatadorin,1
Papel0,1
kingSolev,1
REVENGE966,0
What_The_Hell96,1
BRADLEYTANK2,1
Affectionate_Lead437,1
Powerful-Law5068,0
KatoG229,0
GlendrixDK,1
ThatMomentWhenRiley,1
wrufus680,0
Sad_Opportunity8197,1
SovietNumber,0
rampageT0asterr,1
aloks97,1
BenjominFwanklon1738,1
Conscious-Music-1314,1
WitcherRenteria,1
Ajaws24142822,0
Enough_Teach_5022,1
V3rtigo44,0
ChadwickCChadiii,0
Feraniusz,0
Robby_3,1
Sparusau01,0
ItheGuy115,1
ZeninB,1
Alv4riuxo931,1
Xellios33,1
CrimsonHoudini,0
warichnochnie,0
KoolKbeludo,1
themastermind6,1
LanguageNo7891,0
iCthe4,0
Massive-Magician3872,0
Deixos,0
mapleisnotamicrowave,0
TheToughBubble,1
Electronic_Skill5434,0
Rydrslydr715,1
DarnedChickenE13,0
GARRAR2003,0
milney327,1
Zer0Her01,1
TheRussianBear420,1
MrKevora,0
Aeterna117,0
critlvcritlvcritlv,0
Drougen,1
Sleepingtide,0
StrangeVaultDweller,0
VariationAdmirable82,0
Gryphoth,1
Grumpy_man1115,0
ComfortablyBalanced,1
booozle93,0
CrispyChicken9996,0
TBtheGamer12,0
69peasant,1
hailteamore7,0
DubThisGamer,0
UsedGamertag,0
Xhelob,0
Usual-Librarian-3439,0
acre18,1
David807_,1
weegeetheman,1
anderson1496,1
ManagerQueasy9591,1
Doombringer1968,1
RadPhilosopher,0
Shibeuz,1
turbosteve1848,0
Scadooshy,0
evan19994,0
DonAj20,1
NuttyIrishMan93,0
TiposTaco,1
HAL-9420,1
Mizfit314,1
SamDuymelinck,1
H3_-,1
ONT1mo,1
bryiewes,1
denierCZ,1
BloodstoneWarrior,1
paperkutchy,0
TheGreenGobblr,0
Accurate_Ad_3626,1
moenchsbraeu,0
brizla18,1
buymymeth,1
fuuiuuuck,1
mangledpenguin,1
Original-Chemistry23,1
AniGabe,1
ChampionshipFit1437,0
sornia760,1
bb250517,1
CR7KRUL,1
TimBobNelson,1
iChieftain,0
Ikhouvankaas,0
EmotionalBig854,0
Shade00000,0
PugMuggin,1
Couthster,1
DontDoubtDink,0
bajateraho,1
baxy67,1
DonkeyKongIsMyGuy46,0
EducationalMemory161,1
spectrals_mods,0
CursedMClol,0
somsone,1
tommydorito_,1
ARKHAMGAMER20771,0
GiantA-629,0
Collofkids,1
Bigblackman82221,0
iM-iMport,1
Richiieee,1
Chakramer,1
Transitsystem,1
Bekklor,0
LoganDoove,1
poorchoiceofword,0
All0utWar,1
ntrealnvrwas,1
MEDAKk-ttv-btw,1
KingChook,1
Osmanchilln,0
someoneSuperBad,1
Yo_Wats_Good,1
FreeKumo,1
BoostedEcoDonkey,0
fucknuts3,1
RandomPerson521,1
Eagle7546_,1
CUZ-IM-DADDY,1
FRANKtheLEVEL,0
NickelCitySaint,0
lifeleecher,1
DonutCola,1
robbioli40,0
El_Bean69,1
Oskle,0
poklane,1
apolobgod,1
FightGeistC,1
bonemech_meatsuit,1
ATotallyAssholeGuy,1
Aguycalled3030,0
Aj2W0rK,0
samson778260,0
Friendly_Bot_,1
mambakobe8,1
Early_Suspect_7068,1
Hutch25,1
YumnJame,1
Surfer949,0
cnyfury,1
Watchman74,1
SignalLossGaming,1
EmploymentSelect8281,1
Scarecrow1779,0
x_Reign,0
Lolapuss,1
_idont-have-a-name_,1
Trinity302,0
2Batou4U,1
GalwayLad92,1
analbac,0
Whats_Water,1
Fibrosis5O,1
OkAd7449,0
lotziko25,0
INeedANerf,1
Personal_Ad_7897,1
Ethanbrocks,1
-Livingonmyown-,1
Ashamed_Attitude_344,0
norway642,1
John_Paul_J2,0
AltairxEzio,0
ScoobyMcDooby93,1
ragingseaturtle,1
jackhawk117,1
TheMagicMush,0
TheWiseBeluga,1
JerryCat72,0
Spare_Rate7191,1
creepy-uncle-chad,1
sunjay140,1
traw056,1
ItsApplesandOranges,1
memeshoper2828,0
dsb007,1
paranormalintrovert,0
Moopa000,0
Hayden_Jackson03,1
Slavyslav106,1
KSI_FirePoker,0
GeneralCraft65,0
DezzieFoxyote,1
Dr_N00B,0
JeRicHoOL,0
372878887,0
weekendroady,1
MrTacc,1
MitchsMisadventures,1
Dmontssj12,0
Lucky7Revolver,1
Ch3zc4ke,1
EdmundoMcBrundo,1
anti_ff7r,0
JustwinHerbert,1
ariescs,1
WelcomeTheChase,1
No-Ad-4185,1
GriffinXD,1
4ever_lost,1
painfulbunny__,1
Aggravating_Ease9232,1
OGImmortalVortex,1
f1nessd,0
RealMZAce,1
DangerousKirby,0
TheModdedOmega,1
IntellectualDweeb,1
Cyrax_312,1
ICPGr8Milenko,1
Scottg8,0
Swamp_Donkey_796,1
F_1_V_E_S,1
ElMismisimoHDP,0
MOZAN33R,1
voidlupusofficial,1
raging_hewedr147,0
GLFan52,1
DJW11,1
grcopel,1
Coffee_Bomb73-1,1
RDR2Enthusiast,0
KilldaSuits,0
EggsLayChickens,1
theguyfromeuropa,0
Boss_Man007,0
Pwispwlol,1
nevetando,1
vo1donfn,1
kwc04,1
bmalbert81,0
ajl987,1
ColonelCubbage,1
LucasPlay171,1
scottsummerstheyouth,0
ssick92,1
Thorncool,0
RadRedditor3,1
Eagline,0
That_Guy381,1
MrGamerPerson,1
furioe,0
Dougz201,1
Have_A_Jelly_Baby,1
SoftwareBroke,1
7ak3down,1
Will-Trademark,1
MobileRefrigerator66,1
13ananas,0
No-Application-6218,0
Standard_Top7758,1
Yeetnskeet013109,0
xXLilUberEatsXx,1
Purple-Yoghurt-932,0
fiflak77,0
M1ck3yB1u,1
RobbyDeadman,0
ggMystt,1
YouCouldBeBetter,0
GT2advanced,0
Cceeeeyyaaaa,0
aberdisco,0
therockstarbarber,0
MahaVakyas,1
Saltire_Blue,1
DANNYonPC,1
WhosthatCanadian,0
-204863,0
Z_Overman,0
ImDankest,1
unwrappedfitness,1
ThatOneUpittyGuy,0
FalingoWasTaken,1
ModxVoldHunter,1
A-man-And-His-Kebab,0
Spazbandicoot,0
Bakaboomb,1
connor24_22,1
RikWierinckx,1
pitchoun3,1
TheDangerSnek,0
Any-Community-5280,1
Bigmoserr,0
PresentationAdvanced,1
AdministrativeDig391,1
_MaZ_,1
Albatross_Charcoal,0
JayFast,0
DoubleTGamer,1
FireDragon404,1
ThatsPurttyGood101,1
RUBYKING_63,1
SnakeSound222,0
Jadams0108,0
AceCombat9519,1
Ezper145,0
redhawk617,0
UnlimitedButts,1
tjcervi,1
MiracleJnr1,1
Wide-Lettuce-6630,1
JoshDabbington,0
Joel_H_,1
Donthiik-Carter,0
Dante_TR,0
HeroicJakobis,1
SuperFlyRye1,0
lilcreepy425,1
MadMan19YZ,1
DownbadCroucher,1
LoaderBeans1,1
cook-and-bell,0
cookieman961,0
thermos_head,0
Z3KE_SK1,1
QTip-masturbator,0
TheRealStevo,1
WonderMan830,0
christiancook6756756,1
TheKingTone,1
DemondWolf,1
_how_do_i_reddit_,1
mcdonalds_baconater,0
YaBoiStreek,0
Nauty_YT,0
chris-_-topher_-_,1
xGeuss,0
Ok-Chard9898,1
Exotic_Royal8545,1
Streamfest,1
pixelvester,0
JustASyncer,0
Ohjay1982,0
cryptowhale19,1
timmeedski,1
Spicy-Tato1,1
predator717,1
DaddyDeWitt,0
thebaunehunter,0
Pristine_Telephone76,0
SurgingWithPower,1
SwagJuiceJae,1
FirstSTR1KE_115,1
Indie-Santana1,1
lalo254917,1
Matt_has_Soul,1
SuperDogBoo,0
The_RealWG,0
ilovefloppa,1
Nouri_Cheater,1
mistah_pigeon_69,1
softredina,0
sahaidachny1337,1
saltyfuck111,0
CoolestEverMade,0
hollywoodcrap67,1
birkinbagdaddy,0
t0pshagg3r,1
DietDrWater,1
HolyPebber,1
ironbrianESQ,1
Meaty_Boii,1
ChumbisPoody,1
DarkKingXvX,1
mikeyyyyyd,1
FireHitPanic,1
IWantUrFoodDood,0
desertshark6969,1
-YaQ-,0
mordechie,1
SuttonTM,1
Ellac3344,1
Kreature_of_habit,1
user_ivan01,1
Spritecherry_13,1
a_dude111,1
_PeacefulGhost_,0
oxanonthelocs,1
andrew_wessel,0
cmaster1234,1
animeist16,1
JM91Six,1
2ndbA2,0
gamer-and-furry,0
Pugs4peeps,0
I-Honestly_Dont-Care,1
60ATrws,1
Friddles-14,1
Ok_Pepega,0
IllumiNotHD,0
WeebPlayingCoDM,1
DC150YT,1
AgentSandstormSigma,1
DNCDeathCamp,0
Biggusdickus694,1
JunoBun,1
str8-shot,1
ShisuiGamer9_YT,0
tripsicks_,1
Devilstaff115,1
b1n4ry01,0
Friendly-Campaign227,1
Hap-e,1
Foxyccc,0
GabeGamerGuy,1
foolishchicho,1
VHboys,1
RudeJuggernaut,1
TheLargestBite,1
WhosPhantom,0
Z3tex_YT,0
Mach1Mike13,1
OverPainment,1
omdrik,0
IndependentFox1730,0
8bitmaster515,1
dudedudetx,1
FollowupJiggle,1
Saft_Chri,1
kurisu_trash,1
EvadeArtsy,1
Isziahs,0
Loris2004,1
MkfMtr,0
TattooedT3rmite,1
MasterBathingBear,1
kaotikmindz,1
GeneLaBean,1
Zou__,0
redder_dominator,1
JK_Chan,1
chominnji99,1
CODM_MasterIII,1
brandnewk,1
MrAlexanderBlack,0
StormWarVeteran,1
Dylboy1029,1
dylgonzo23,1
LQQBS,1
Silent-Primary-9826,1
dedicatedoni,1
RealestYG,1
zRamses,0
Possible_Drawing_868,1
LogicalCauliflower97,0
DMoney131313,1
PSCRAZYPRO,1
lookiedookie,0
Immediate-Fail9529,0
Cimejies,1
Bamuhhhh,1
rosamelano777,1
Menaceguns,0
Black_n_Neon,1
DickInaWall,1
goalie_monkey,1
ImVeryUnimaginative,1
IareTyler,1
ConflictWhiff,0
Blender_Snowflake,0
something3574,0
rivbai88,1
nylxnder,0
HaiggeX,1
DaveyDaveyDavid,1
Fre3DomUnited,1
LanceHarbor_,1
drained_vamp,1
XavierYourSavior,1
longdongopinionwrong,1
SJBailey03,1
Whyamionreddit003,1
EbolaSwagR,1
ItsMrDaan,1
Cubsfan630,1
genericfucboi,1
EnkiRise,1
pie_nap_pull,0
SporadicHonesty,1
Z0mb13S0ldier,1
DinoRedRex99,1
ThePassiveGamer,1
PTownDillz,1
Eagle4317,1
Jimjones341,0
Memetasticmemes,1
TheBOSS531,1
Braydon1324,1
lxndrlk,0
Full-Ad1818,1
Fresh-Boysenberry-63,1
Blne_Cm_9863,1
Greyman4152,1
medicbagfrompayday,1
battleshipdriver1,1
dapenguin15,1
stayathmdad,1
Maleficent_Target184,0
convolutedCockRing,1
Mrsocko95,1
daymarEngel,1
DeJuanBallard,1
DDDLoneWolf023222,1
malevolentdemon,0
NotoriousbiggsX,1
YamahaLDrago,1
xdpxxdpx,1
Safe_Inspection69,1
LukaTheGamer123,1
endershifter,1
Ok-Helicopter4958,0
twohundredmikes,0
CommunismLover3323,1
ITriedLightningTendr,1
rgeu7382i,1
BaileyJIII,1
T_Peg,1
SgtGhost57,1
UziiLondon1600,0
LohAries,1
Shock_the_Core,0
Better-Context-4727,1
NotInvadingBerlin,1
SilvrxM0nst3r,1
x_iTz_iLL_420,1
BLaRowe10,1
AlanIsAwake,1
TheTalentedMrK,1
rcjhgoKU_11,1
Equalcolon17,0
Qyokai,1
iamdeparthib,0
theofficialblazedark,1
Worldly_Yogurt6194,0
Evil_Itself,1
Virtual-Internal-324,0
Letsvybmeatstix,0
Enough-Exercise-211,1
Kooky-Ad6715,0
Pichuunnn,1
Ya-boi-Benaboy,1
Holly-Wood1,1
Embarrassed-Split-71,1
chazzledazzle10,0
fubaguy,1
Shadezz_IX,0
Dewy164,1
souhjae,0
Aditya_Sholapurkar,1
____GHOSTPOOL____,0
C_Moniaki,1
johnnyt12312,1
Dioneches,1
KYlaker233,0
Myguysammurai01,0
ArcherInPosition,1
SkywalkerDuke,1
KamuiObito,0
Im_DJ_Golden,1
knightrider2993,0
OB141x,1
FahmiRBLX,0
AtlanteanSword,0
TroyAndAbed05,1
DemiDivine,1
_Reporting,1
rednick953,0
canianallyrapeyou,0
BiandReady2Die_,1
JerichoKane88,0
hypermelonpuff,1
Kaiser-TRG,0
apple_ketchup,1
CDOMEGA,0
organizedRhyme,0
NotThirdReich,0
N-B_Ninja,1
SirBurns72,1
Aarshayan45069,0
SternLecture,1
Ambada-Thakali,0
greatmonster007,1
Karamel43,1
loneblustranger,0
_MrSt4rk_,1
CND_777,0
new-redditor360,0
20seebi,1
youssefsg2710,1
Apprehensive-Newt473,0
Aero2627,0
Johtoboy,1
17pump,1
beastmodegamer13-ttv,1
A_Political_Person,1
Sure_Departure4738,0
StillGalaxy99,1
Substantial_Buy945,1
Active-Specialist,1
Short_Dream8182,1
ERGI_IDK,1
matson_95,1
thevengeance,1
Swimming_Gear9362,0
RushinRusha,0
root_0f_all_cause,0
SmartAssX,1
ClifIsBoring,1
RaptorRex007,1
0utF0x-inT0x,0
AceThe1nOnly,0
OG_TD,0
coltanstefan1312,0
Natasha_Gears,1
strontiummuffin,1
MobileTough,1
adastra1826,1
ImportantGreen,1
Death_brick,0
MagicCarpetBomb,0
VincentVanFagoat,1
SmittenGalaxy,1
Umbrella2k,1
Vag7,0
RDR2018,1
JBroZTv,1
GeronimoHero,1
DiamondBackHUNz,0
UtterNonsensical,0
AmungGoose,1
INSANEDOMINANCE,1
RobzillaMyNilla,1
Additional-Heron336,0
Then-Falcon-3798,1
Independent-Web1930,1
DIABOLUS777,0
Saboosh101,1
luisstrikesout,0
NoEscape_6,0
NateTheVape,1
bucky_braden,1
bewgzstar,0
Ajaxtvgaming,0
Anime-_-Yes-_-,0
mileskevin,0
Liutenant_Pingu,0
steel_fist_14,0
ItzMelxdy,1
LedFarmer_,0
_illnewminati,0
Messy_Egg,1
curryturtle,0
mistcurve,1
Detectivecullen4399,0
Gunney55,1
dannymira,1
oyelrak,0
Memeloverguy,1
4thawin,1
PieSpirited2247,1
Wyzinn,0
The-real-human-ghost,1
Eagle_Smeagol,0
HertCollins,0
Slight-Curve8697,0
Tiggara,1
nikhil15595,1
Sniper_One77,0
infinite_sponge,1
22dinoman,0
Nuker_Nathan,0
forhonorbutsitsfun,0
NovaCoyote,1
Thefamousloner,0
flyguy_21,1
Jx_Wafflez,1
Sugar_Warm,0
ThePixelatedPyro,1
macpumperkinz,1
DespacitoGamer57,1
Mind-Breach,1
Nojjk,1
KaiserReich_Mapping,1
TheWarlockk,1
NOTUgglaGOAT,1
DJskull-777,0
ConnorAustiin,1
Clean-Letterhead-964,0
SunsetVenom,1
batm123,1
Theguywholikestea,1
Tedde400,0
ThurmanMerman_,1
JDMedits,1
pikachu_tail,1
mitch8017,1
666sth,0
Twhip620,0
Ill-Chemistry4690,1
DarthPhusk,1
Mulb3rryStreet,1
Royal-Ad9744,1
Dragonslayer414,1
DjAmAiii,1
Demmanueloff,1
Ryamix,1
Sharebear42019,0
Alpaca-King1,1
BROOKXS,1
TheSlowWagon,1
wokeambitionz,1
emil_beltramba,1
hollow42,1
erricson_hit_us,1
doomknight117,1
CreatureoftheDaynite,1
Ghosthunter5589,0
RONALDGRUMPF,1
Seanmoby,1
Sweet-Palpitation473,1
tmh95,1
ImaginarySky9592,0
Tiger55K,1
Malq_,1
FHSHDHEHFHENCJSJSJ,1
Cobi6947,0
Dark_Symbiote,0
RyanBordello,1
skrillex_27,0
SweetDoris,1
Bustin_Jowers420,1
SyedHRaza,0
xLedzep,1
TheOsttle,1
HourPurple9323,1
MowMdown,1
lakeshowyoo,1
Tonk101,1
Jsonic3000,1
robz9,1
i_like_lasanga,1
Velociraptor451,1
thewillabay,1
subavgredditposter,1
jaoool,1
ArnavTheWarGod,0
trjumpet,0
MrValley_psn,1
chubss123,1
haaawaiianz,0
OrcoDio19,1
mohmar2010,1
xXshadowbirdXx,1
Professional_Elk_893,1
PlatanoGames_YT,1
Bigmacaroni129,1
mangofett420,1
Alexx_0,1
Disclosure69,1
Virtual-Ad-7198,1
Glizzygod554,1
signguyez,1
jdubbrude,1
xenmityx,1
WilliamCCT,1
KaylaFrank,1
julysniperx,0
Cearolos,1
Pepelefrogswood,1
nukesmb,0
activnick,1
Strambo,1
fingerpaintswithpoop,1
el_beano_burrito,0
Schrukster,1
sunny_ughs,1
Interesting-Yellow-4,1
Arkham010,1
Yopapa291_real1,1
PowerPamaja,1
PxcKerz,1
FuzzyEatHer,1
MouldyPriestASSHOLE,1
kcraybeck,1
Virus_98,1
PoetBoye,0
Frost-Wzrd,0
jacktancrell,1
le-battleaxe,1
WarlockEngineer,1
AceThug,1
escott244,1
Moshfeg123,1
sened11,1
DennisDear1234,1
Busy_Drawer4813,1
Gloomy_Ad_871,0
Penguin_Boii,1
THE_GUY-95,1
Mr_Nobody1522,1
Legendary_Goof515,1
uumopapsidn,0
Poopyhead_Stinkyface,0
quinnby1995,1
Pure-Can5411,0
hollandsquirtlesquad,0
Emperor_octavius999,0
Hawkeye12673,0
nerddddd42,1
ZedFraunce,1
Krzych123,0
ShadowWolf7259,0
crushinit2,0
GWS_REVENGE,0
Pleasant-Rice822,0
RAINESest2005,1
Neaty,1
Ryenxx,1
itsDRZH,1
AntisocialScotch,1
auschlitz1018,1
TheRealDaddyPency,1
chrisupt2001,0
varangian_guards,0
Flashfighter,1
acoolrocket,1
Monroe_Chichona,1
Mr_EP1C,1
CommissarGamgee,1
xSuperwaffe,0
autistic__guitar,1
PinoDegrassi,0
Kangorro,1
MonkeyManBanana,0
MistxLobsters,0
CheckForAPulse_,1
Biker2o,1
aMassiveCodFan,0
Bdharding,0
thepeakofhumanity,1
u857,1
that1dragonreddit,0
Zomb13_Slay3r,1
duclens,0
NooliesKnickKnacks,1
ShaqilleoPeel,1
john_longdong,0
GaboxTrox,1
spawninlumby,1
mvasio,1
Thicc_stuff,1
MRidha99,1
DeltaFoxtrotDX,0
G_Kells,1
Airblastking111,0
NugsAU,0
Froztbyte92,0
FarFromCrying999,0
Qwinn_SVK,0
I-am-Pilgrim,1
mrarbitersir,1
dunzy12,0
Organic_Drop_3433,1
ViperBite308,1
Fearless-Cockroach77,1
ScotchSinclair,1
The99thCourier,1
Banned4othersFault,1
HakaishinChampa,0
Snake_eyes_12,1
IAmTheSadBoy,0
JerkinJosh,0
PhiDeltDevil,0
Brad5387,1
Kazzacuss0117,1
FollowMyMySpace,1
Brilliant_Mess1212,0
SkydivingSquid,1
Swinship,0
FalloutIsFunnyAF,1
sniper464,1
SinopaHyenith-Renard,0
Georgebestgamer,1
toryguns,0
Positive_Year_6230,0
SloanOnPluto,1
MLG-Hilp,1
Aggressive_Ad1573,0
SnaggedTitan150,1
Xenoslayer2137,0
reaperXD024,0
Narrow_Heat_3007,1
Icy_Law9181,1
DojiJoji,1
YlpeaNyyppa,1
YourManJimbo,1
Faze_Stepbro,0
KevinSupreme2505_PH,1
LightlySaltedcock,0
Fuckoakwood,0
top-chopa,0
mynameiskiru,0
Typical_Advice_6811,0
Dragon1562,1
TheGreatFilth,0
venom_dP,1
Greatmerp255,1
Duyducluu,1
mikemonster311,1
Ulysses3,1
im_u_u,1
HeyRogi,1
SleepyHarry,0
Detcader_101,1
KingZombiKiller,1
TypicalAd3595,1
DamagedSpaghetti,0
eynonpower,1
XIMOIX,1
wasteofskin11111,1
cy1999aek_maik,0
mother_goose_caboose,0
americanista8745,1
MikeLanglois,0
stirling1995,1
LGCGE,0
Tengku_JG,1
Itz_Sc00by_Official,1
dark-_-thoughts,1
domithicc,1
flamefox88,1
post_holer,0
DeputyValdez,1
MistaPeng,1
GAMINGWITHDEXTERYT,1
defensife343,0
fleeboiswagyolo,0
happychillin3,1
UnstableParallel,0
Frostwolf74,0
xXheil_Pokywan420_Xx,1
A_Rookie_Spartan,1
808stefan,0
Fallingcity22,1
angrylawyer,1
Bridge4_Kal,0
Dimitri_Bale_,0
Injustasss2,1
mrchicano209,1
The_Stealthy_Nut,0
SCORPIONfromMK,0
mickfad,0
koufiosalami,0
ShaderzXC,1
SlickDaddyP,0
narfidy,1
Lux_Operatur,0
PaleRiderHD,1
5moka,1
DeadShotXU,1
KINGOFTHEBRIEFS,0
ITS-YA-BOI-A-A-RON,1
Derailleur75,1
Facopic,0
Efficient-Force2651,1
BobaFett_42,1
Snivinerior,1
I-sellOnions,0
Far_Structure_5306,0
Appropriate_Reading2,1
Elnuggeto13,0
Jrkid100,1
nvermindme,0
truefakexvi,0
WhoGix_,1
_PHX_QUADRA_,0
Trigon_XT,0
Void4GamesYT,0
Kiggzpawn,1
SpritKid,1
Torrent_You,0
Embarrassed_Grass125,1
xLordOfDeath,1
tracyxoc1,1
jared20150,1
MetsRule1977,1
Global_Environment29,1
irishfisherkush,1
leafnbagurmom,1
Tacticl-,1
BraindeadIGuess,0
BullyGibby6969,1
icodeusingmybutt,0
elquanto,0
gasamove,1
intothefire33,1
raisimo,0
sotiras2020,1
gblandro,1
JustGoodOldHarold,0
NoRegertsWolfDog,0
bleachmy-eyes,0
Nearbook5308,0
Wszebor,0
Heavy-Length-5808,0
HUSHHSUH,0
xMasterless,1
PugLander,0
mattb_186,1
SoCoolCD,0
SwanExpress5406,1
Daxattack6,1
SoNerdy,1
Comfortable_Fox1117,1
MaxMello01,1
AlternativeFun8977,1
FarInstruction1,1
kvsMAIA,1
Grenadier_YT,1
Anuhea099,1
All4TheKingdomofGod,1
Nx_Tiger81,0
OneGuy2Cups,0
Inevitable_Outside96,1
kvdre__,0
Rogerthrottleup,0
MONYJOW,1
Sincerely_Quatermain,1
VabloSama,0
Sleepy_Slothx,0
MrCummins,1
m2niles,0
Complete_Location_63,0
Y47-Chromosomes,0
iiTzEmerald,1
karljh,1
Juken-,1
Wesk-Wildcard,1
mad_dj_cod,0
Lil_Pipper,0
TryhardHuskyufool,1
GroupieChicks,1
pepemalupet,1
ItsJust_Tonio,1
American36,0
heydataa,1
j3qnmp,1
WonderDolphin,1
Huff1809,1
Awayze,1
Clawalacarte,1
phstaudt,1
James_Moist_,0
Witty_Ad3608,1
bruntychiefty,0
Sansjefff,1
sasuke_amaterasu,0
BethyBooWho,1
gebickidex,0
Some-Author-8307,1
Financial_Ratio5758,0
Wild-Building-7405,1
Bayliebeee,0
-F0v3r-,1
iamblackwhite,0
lucastheawesome11,1
XC-XERZ,1
ImaBlackmon,0
equalsolstice,1
ArchdukeBurrito,1
_Seij_,0
2Quick_React,1
MyUshanka,1
Key_Side_4386,1
vxgq,1
Injunity,0
AdLongjumping9767,0
GORDON-FREEMAN-PH0,0
PenguinPajamaPants,1
CoolguyLane666,0
CorporalGrimm1917,1
Dramatic_Face_1396,0
Wide_Teacher_9347,1
Ok_Astronaut9301,0
Victornf41108,1
WhitePig76,0
LazyBro69,1
Tank_Dempsey2025,1
investor-weezy,0
Successful-Stock9969,0
Roch0,1
MrLamp87,0
LeoE_2006,0
drunk_pacifist,0
That-one-guy-lp,1
Scarababy,0
Sepehrbigman,0
Hunterknowsbest,1
Dependent_Sun2713,0
RubyKarmaScoots,0
Ayzeefar,0
t2guns,1
vbsbazooka,1
DblClickyourupvote,1
hifi3xx,1
IknowNothing6942069,1
Essentialredditor,0
PradaGT,1
Moleman_G,1
sandykun9,1
716um,0
Mahonneyy123,0
thebikefanatic,1
PrimusDCE,0
Redd_Spectre,0
Tornado_Hunter24,0
xRivalz-,1
lfenske,1
Matthew-6464,0
RisingHegemon,0
mikedob18,1
RoboTurnip17,1
KrunchyKushKing,1
TheCoon69,0
phyisck,1
Monkeyfarts1234,0
protacm,0
zombiefan1220,1
JoshThePleb1o1,0
TooEZ_OL56,0
flaminmonke,0
Hiseminense,1
CANDROX432,0
XThunderTrap,1
MysteriousSimple7115,1
TrustTrek,0
801mandalorian,1
BMali123,1
cleoindiana,0
survivalhunter695,1
Thecableguy1807,1
_Knucklehead_Ninja,0
Odd-Razzmatazz7151,0
Either_Craft_3221,0
DeathscytheDuo87,0
KindCyberBully,0
Grimm64209,1
HeavyReputation8718,1
elonmuskraty,0
HALO-there-new,0
Temporary-Emu6710,1
Embarrassed_Disk4289,0
PapaLeguas_436,1
Mai_TaiButterfly,0
AndrosRC,0
made4thisquestion,0
CadeChatham,1
Temporary-Book8635,1
The_Illegal_Seagul,1
gimmeusernamebruh,1
ZeroLegionOfficial,0
AcademicAnxiety5109,1
ulyssesintothepast,1
mizdavilly,1
IntelligentSafety471,1
Apocalypse1503,1
KJ2832,1
Competitive_Simple40,1
Zealousideal-Egg2658,0
WULFENMARK,1
Peanutgallery_4,0
AidenW311,1
aceq_1,1
Michael_CrawfishF150,0
ManLikeCRD,1
Thunder_Gamer95,0
pivorock,1
Nws4c,1
Sirstevethetall,1
CartmanJones11,0
BamBamNYC,1
funee1,1
Southpau,1
MostCycle5815,1
Zacky2Wacky,1
ZuppaSalata,1
R18S,0
TheNerdWonder,1
xcCrazy_Diamond,1
Nijii01,1
nicomiki,0
DR3AMZx,1
Oisuzyplaystation,1
-_ObiWanKenobi_-,1
Matt8992,1
Urkepro_YT16,1
justguy7474747,0
farleymfmarley,0
Swag_SurferDude,0
oof_is_off_backwards,1
archangel147,1
thetato69,1
mumaume,1
meow_hooman,1
Alilichavez,1
Shook_Rook,0
PieFace11,0
HiDDENk00l,0
Globglogabgalab,0
hugh_jas,1
sethsticulars,0
PsnReBirthOfMac_HD,0
RedditorAVP101,0
PinkHairedMan01,1
HealthyAd5854,0
bladedancer4life,0
DirtFantastic,0
ABWL1,0
reddit_hayden,0
Vivid_Ad_1340,1
Dave_Da_killa23,0
Accomplished-Town636,0
ManPrawn,0
Fakka-Johan,1
Steven_wjg03,1
Brodias_Johnson,0
SaeedUnknown,1
Fun-Ad-3994,0
ts_m4,1
StockWillingness2748,1
levismegabitch,1
the_dude0110,0
2_4_5_trioxin,0
ravathiel,1
Fun_Doctor999,0
Mash709,1
KatelynC110100,1
unseennseraph,0
FaithTheEnby,1
Veeam21,0
_exrio_,1
oGrievous,1
Hachimain,1
Dovah-Farcry,1
niconico44,0
KennyHasNineLives,0
ChromieHomie05,1
Dreal_,0
irv916,1
phoenixlmfao,0
Lettik07,1
Eternal12equiem,1
GridVic2ree,1
OPTIMEGATRONUS,1
LuringPoppy,1
TitaniuMan_44,1
wayward_shadow,0
datboi38463,1
GustavoCOD,1
GoGoVTheWorld,1
xFblthpx,1
PRV_Ghost,1
Cismet,1
Intelligent_Drive_34,1
Hot-Sheepherder-9631,0
LineSpine,1
Macivelli503,0
Mother_Preparation29,1
PlatFlat,1
Granturismoboi,1
takedashingen01,1
Local-Falcon9989,0
Environmental_Let855,1
LilNezuko_,1
SgtDoggo1337,0
Foxytroll9768679,1
just_an_gamer24680,0
jiujitsucam,0
Ronin_777,0
misterchief10,1
T3ndoPain,0
B-Company,1
THEESKELETONGOD,0
10sansari,1
yeettto,0
SebbyChan,1
im_intj,1
Boteftfame,0
random_guyman,1
Mememisery2,0
deskbunny,1
No-Dirt-8991,0
Daeneas,0
Familiar-Eye7811,0
MagicianExotic347,1
dtbrown1979,1
LingeringSentiments,1
AdamTheMadTitan,1
mitch8893,0
Party-Glove24,1
A_Simpson5,1
shaneskate88,1
of_mice_and_nick,1
TurquoiseRose7,1
Emzilla200,1
showtime15daking23,0
Ilyak1750,1
Fishsticks292,1
MajM3RK,1
Trishiefishie_peach,0
Material-Disk-1611,1
1Mubb,0
Yoconn,1
SargeDale3,1
Sephlian,1
KinglyBlaBla,0
PainInMyArse,0
Sids_left_nut,1
huggothebear,1
swampywinter,1
thegodsson,0
CommunityPretty1802,0
Zequexium,1
Giraftak,0
Sc0p1x,1
Blackgod_Kurokami,0
davonas,1
DoozyDuz,1
Kyserham,0
KingPooBar,1
ChiksRThic69,1
idiotcuphead,0
PalpyTEEN,1
Mullernaire,1
shotokan44,0
Synfaux,1
Special-K-95,0
JariPato,0
Majestic_Rule9192,1
Watergoood,0
ImportantCakeday,1
noturnormalredditor,0
IncorrectOwl,1
FrostedLoops,1
archra,0
John_Bishop-145-97,1
Phantomic_Bomb,0
EchoEX69,0
Optimal_Plate_4769,0
fmcd97,0
kitsheaven,0
IcesaveU,1
tachakas_fanboy,1
justuswendell,0
IsaacLightning,0
bdon_hudz,1
PAXTF1999,0
HELPMYSEARCHHISTORY,1
Bones301,1
PackGod06,1
KKreaps666,0
I_ShureAmToasty,0
Flaifel7,1
EchoGamer_,0
MrCucumber7511,0
Pintexxz,0
timo-el-supremo,0
wambell03,1
OnQore,0
Venonomicon,0
Kickass2099,1
Odioshi,1
Oblivious-abe-69,1
seniairam,1
OO7-Dimitri,1
pourfsy,0
WorldFox4775777,1
JackstaWRX,0
ryangw1982,0
ballstothewallsby,0
GamingLogicBot,1
5671234duck,1
DeadHornetGaming,1
dourob14,0
keelasher,1
Ok_Cheesecake3978,0
PuchedInTheBalls,1
Repulsive_Chemical_7,1
Enjoy_Your_Blunders,1
SourPatchAdults1,1
Fragrant-Cook6615,1
Distalyricsx,0
Dangerous-Report-879,1
jrjh1997,1
Hour_Village,1
zachswartz3,0
PreviousAvocado5599,1
Jumpy_Wizzard_,1
SHAMPAIN2002,0
Devron119,0
Thirtyred,1
Brilliant-Ad-1962,0
cod069,1
emanuel_a,0
SilentDeath013,0
f0xr0,0
chriislmaoo,1
Falconlis_28_2006,1
Merrick_ABAO,0
gregshucks,1
whatsgoingonjeez,1
shairo98,1
spotsthefirst,0
GlumSouth39,1
darkwither14694,0
shangula,1
bensleton,1
MadeBrazen,1
Nochumps,0
JohnnyCenter,1
Unusual-Warthog-4606,0
Pleasant_prat,0
GFX_FlewArts,0
caelis76,1
LilMushroomBoi,1
MLG-N3WBE,0
Altruistic-Ad-1900,1
AkakiPeikrishvili,0
24O1Penitent-Tangent,1
Deeeeeeeeeeezsnutz,0
Dburn1996,0
SithMaster_Dan,0
ggRezy,1
philakane,1
kek_Pyro,1
yz2996,1
WildNebula1810,0
andyc3020,0
Witty_Storage3210,1
ph4tgg,1
Ghost-official10385,0
Rico_CCXXVIII,1
Impressive-Basil-135,0
Lanky_Weakness_3657,0
NeonMagic,0
Hunky001,1
RIC454,0
Captin3,1
ICE_T-,1
V_Ghosts8448,0
InitialEar2936,0
Codybgood707,1
Resident_Flight_2476,0
Anime-SniperJay,1
Freaks-Cacao,1
GerryAvalanche,1
lookitsafish,0
RobbiesCafe,1
danyaylol,1
ShaggedUrSister,0
Kanenite3000,0
-DutchymcDutchface-,1
nut_everywhere,1
ChiChi-cake,0
Jesssse-m94,1
viktor042,1
XxBEASTKILL342,0
agentcheddo,0
Reddit__Sucks__,1
MGBIGS,0
Electrical_Key1245,1
Machotoast04098,0
i_eat_to_much_food,1
ampersand85,0
LudwigJager_EC,1
Cheap_Sun_573,1
ibleedsarcasim,0
Xx_Crazy1o1o_xX,0
dankavanagh77,0
ThePerfectPalico,0
lizard_man501,0
F1fag,0
bedofnaiils,0
throwie66642069,0
Primary-Roof-8875,1
mjbmitch,0
Accomplished-Piece81,0
shitladder,1
MandalsTV,0
savevideobot,0
NutmegOnEggs,1
Jellys-Share,0
Redditor_Rebooted,1
JockeyField,1
PotatoAim1805,0
dylrhy,0
UrMomsAreMine,1
Choking_Israel247,0
brainc0nfetti,0
Decoy-Jackal,1
ginger2020,0
DR31141,0
Raul_Robotnik,0
Moabkilr45,0
Stageupp,0
Mahboishk,0
benjamincraigrowley,1
Bartjeuh55,0
craftycannible,1
ExclusivePoptart,0
ASH98_CZ,1
V2sh1fty,1
thekittiestitties00,0
MrAcorn69420,1
Rooster6199,1
Muted-Pie-7758,0
JuggBoyz,1
jandydand,1
PHANTOMBITZ,0
furrynutz,1
Pillbugly,1
Behemoth69,1
These-Ad8460,1
ezindigo,1
familiarfac,0
maybeitzmadz,1
Edgar-Allan-Pho,1
Sol-idSnake,1
Competitive_News_385,1
eastern_shoreman,1
GeetarMan9,1
i_photo_sims,1
johnnycobbler,1
de_William,1
pollitogaming_,1
KOOLKAT_FTW,1
RumpLiquid,0
TypeAmen,1
Cheese_balls_420,0
FurryJotaroPorn,1
TrueAkagami,1
RetroBastardo,1
downvotemydumbass,1
matthewphillip,0
Zeusbmw24,1
drexcarratala12,1
hydra877,0
FLcitizen,1
crazyman3561,1
KRawatXP2003,1
CandidateSome3349,0
jholman55,1
CorreQueTeHinco,1
SiLeNZ_,1
MasterDuckJulian,0
oOoChromeoOo,0
sanyals300,1
FromAnotherGamer,1
osezza,0
ComboXCV,1
AcceptableEgg5741,1
Suicidebob7,1
coachlentz,0
CrammyCram_,1
Pain2DaWorld,1
magik_koopa990,0
mumthatsmyphone,1
DarthRejection,0
monkeydbenne,0
prowdpapa,1
MsonC118,0
FrankPeregrine,0
PapiGoneGamer,0
UnfittedMermaid,1
JackMeoff_,0
RandomStormtrooper11,1
The_Dromos,1
Tireseas,1
SwaghettiYolonese_,1
Kalmer1,1
whatisausername32,0
ChungusSpliffs,1
RedScope53,0
detained_,0
WildmanJayden29,0
Particular-Let-196,0
Mr__G0ld,0
SpectreFPS,1
Skiyoz,0
xCallMeBigJuicy,0
TheSteanator-94,0
WhoopsyToopsy,0
Mike-honcho-69,1
DepressMyCNS,0
rando646,0
i-want-die-thx,0
savemoney_god,0
Troopr_Z,1
techmakerdb,1
KUMonHERface,0
YupWaySheGoesBud,0
bigbrooklynlou,0
BananaAnarchy_,0
ohnoalex_,0
Cringey-Human,1
Sufferity,0
JunkCrap247,0
DavidMasonBO2,1
Competitive-Mud9636,1
Accurate_Till8357,1
Soup303,1
OmegaKaiju,1
Zestymonserellastick,1
TRethehedgehog_2,0
ZakkaRooney,1
bmathew5,0
Lifted-Horns-4x4,1
-Megamind-,0
kaytaro,0
bman_243,1
NatureLost,0
ItsAlwaysSunny1992,0
DuckyArmada,1
MajorMemeTV,1
AskMeAboutTheBrowns,1
Seababz,0
normalpills,0
beaanim_,1
jstobs3982,1
Muir420,1
AloofPenny,1
ManPerson946,0
Cheesegorrila,1
LegendaryDraft,1
Intelligent_Fig_4852,1
shortstop803,1
greasybarbarian69,0
ky-neo,1
biggiecheese0962,0
lunardart,1
snrub742,0
rawlwear,1
1LakeShow7,0
boomheadshot7,1
sabrad251,0
BourbonBurro,1
Camstamash,1
chixnsix,1
Vandal696,1
Vault-A,1
Soulfalon27,1
BxgBlxck,1
bellboy718,0
Juls317,1
Cama2695,1
Illannoy1n,1
Signal_Dig7910,1
PopularImportance432,1
Big_Money_bags23,0
Lonely_axolotl117,1
Player731259,1
LukeSkyDropper,1
Answer-Key,1
LancePants33,1
CommanderWar64,1
alteredizzy1010,0
I_BK_Nightmare,1
Responsible_Artist46,0
GoodeBoi,1
kidrockit,1
A17012022,1
KrowJob,0
LayneCobain04052002,0
ihaZtaco,1
Airdropwatermelon,1
w7lves,1
ha_i_dont_think_so,1
sinisterdeer3,1
dakk33,1
RealHumanBeing2121,1
etm_taylor,0
kyshomoulingi,1
TheUnholyDaniel,1
deadparodox,1
Silly_Distance_4958,1
JackdawMiles,0
nicisdeadpool,1
akaDozer,0
stefan771,1
r3eeeeeeeeeees,0
Kampfirekid,1
Cxxkies,0
DewtheDew85,1
Vader2508,1
PanspermiaTheory,0
LowRiskHades,1
sunqiller,1
kebab69666,0
SerplePurple,1
Gargonez,1
jms209,1
DarthHoodieBB,1
Johnhfcx,1
Laj3ebRondila1003,0
Drowzy_Link,1
ToxicNoob47,0
OutlawRamos04,1
IlmionOmeeinUso,0
JohnnyS1lv3rH4nd,1
just_mark,1
shaggywan,0
jeffery6996,0
Complete_Funny_7760,1
unarox,1
Jack1715,1
TheResurrectedOne,0
guybranciforti,1
Nocapjodye,0
KhalGhoush,1
Cultural-Original846,0
Relevant-Book-3086,0
Amoungus_sussyboi-7,0
dabs4kebabs,0
FearDrGanzo,0
GeometryDashWoman,0
Cool_Kermit,1
SkyllerzYT,1
oceansmix,0
Subtotalpoet,1
LordBrammaster,0
V_ROCK_501st,0
Turd-Assassin,0
DonJah43rd,0
intensely_human,1
WindowsXP5797,1
gopnik74,0
Ianm9,0
AngryHobo381,1
spaghetti012,1
DurfGibbles,0
Stefan_DoesReddit,0
JoshMcJoshy,0
Finka57,1
AlirezaSaei,0
creetic,1
Hot-Surprise-2466,0
The_Dr_Said_Dank,1
chupapi_BOI,0
30Bear,1
TITANURANUS_SEX,1
Russe1Adl3r,1
otaku_sense1,0
theirishninja888,1
Soap_on_Gfuel,0
WillJoseph06,1
mikesweeney,1
RunAlice,1
lord_mayonaise,0
8l172,1
mintchoco9,1
ScapeGoatOfWar,1
Daniel90768,1
unknownalias12,1
D4ngrs,1
hardcorpardcor1,1
Effective-Celery8053,1
ThickRick1234,1
turtleturtlerandy,1
Traditional-Exit8554,1
Atcollins1993,0
rhys7wyatt,1
kinghawkeye8238,1
Cpt_Apollo_,0
Traylor_Swift,1
Veggietuh,1
El-Yeeto-Despacito,0
yhm9,1
FantasticOReddit,1
N0_ST3P_0N_SN3K_,0
Coach-Topher,0
ImEverywhereOnReddit,0
Fit_Ad_5752,0
Apprehensive_Big_528,1
jonny_knowles9320,1
dylan15kansascity,1
SuperPotatoThrow,1
illegal_eagle88,0
splashwutudo,0
09Yublover,0
Individual-Diet-8109,1
BitterSweetDesire,0
LaSauceaSpagh,0
BeatMasterFresh,1
thatbearguy2202,1
Financial-Potential4,0
