,Users,Sentiment_Score
0,#NAME?,-0.231890987
1,--reaper-,-0.21075
2,-204863,0.0
3,-DutchymcDutchface-,0.08619
4,-F0v3r-,-0.10924788
5,-InternalEnd-,0.153845238
6,-Livingonmyown-,-0.0179866669999999
7,-Megamind-,0.0
8,-NOXPLODE-,0.467776667
9,-StupidNameHere-,-0.019763636
10,-YaQ-,0.0
11,-_ObiWanKenobi_-,0.2657
12,09Yublover,0.0
13,0utF0x-inT0x,0.0
14,1000HitCombo,-0.026909091
15,10sansari,0.044655556
16,13ananas,0.0
17,17pump,0.113333333
18,1LakeShow7,0.0
19,1Mubb,0.0
20,20seebi,0.146475
21,22dinoman,0.0
22,24O1Penitent-Tangent,0.17102
23,2Batou4U,0.073169444
24,2Quick_React,0.044655556
25,2Warden,0.0
26,2_4_5_trioxin,0.0
27,2ndbA2,0.074923529
28,30Bear,0.063324138
29,372878887,0.0
30,3Dot_,-0.113893507
31,3tearsmore,-0.443222222
32,4ever_lost,0.14929
33,4thawin,0.035502655
34,5671234duck,0.164633333
35,5moka,0.24996
36,60ATrws,0.09606
37,666sth,0.0
38,69peasant,0.79864
39,716um,0.0
40,7ak3down,0.031509091
41,801mandalorian,0.0526875
42,808stefan,0.0
43,8bitmaster515,0.10534
44,8l172,0.016858333
45,A-man-And-His-Kebab,0.0
46,A17012022,0.0734
47,ABWL1,0.0
48,AFishNamedFreddie,0.095523959
49,ALASTER_THE_GREAT,-0.27632
50,ALL_HALLOWS_EVE-,-0.14402
51,ALUCARD7729,0.4407194049999999
52,ARKHAMGAMER20771,0.0
53,ASH98_CZ,0.11438
54,ATotallyAssholeGuy,0.095316667
55,A_Political_Person,0.087030701
56,A_Rookie_Spartan,0.0436
57,A_Simpson5,0.0221
58,Aarshayan45069,0.0
59,Able-Shape-8974,-0.001495833
60,AbsVirdi,-0.0732375
61,AbsoIution,-0.0929
62,AbstractBettaFish,-0.064568547
63,AcademicAnxiety5109,0.07025
64,AcceptableEgg5741,0.042305263
65,Accomplished-Piece81,0.0
66,Accomplished-Town636,0.0
67,Accomplished_Spirit3,-0.580672168
68,Accurate-Row-8539,2.8032511107140308
69,Accurate_Ad_3626,0.027823308
70,Accurate_Till8357,0.079228571
71,AceAndre,0.068611111
72,AceCombat9519,0.001630435
73,AceThe1nOnly,0.0
74,AceThug,0.376933333
75,Aclysmic,0.54937
76,Active-Specialist,0.05436
77,AdLongjumping9767,0.1468
78,AdamTheMadTitan,0.027438889
79,Additional-Heron336,0.0
80,Additional-Shoe-3122,-0.123475
81,Aditya_Sholapurkar,0.044655556
82,AdministrativeDig391,0.046608333
83,Admirable_Elk_965,0.055241875
84,Aero2627,0.0
85,Aeterna117,0.0
86,Affectionate_Lead437,0.106272308
87,AgentArabian,-0.0196049999999999
88,AgentSandstormSigma,0.0602
89,Aggravating_Ease9232,0.019841667
90,Aggressive_Ad1573,0.0
91,Aguycalled3030,-0.03724
92,AhmedEx1,-0.01377
93,AidenW311,0.04046
94,AirShark_1,-0.02054
95,Airblastking111,0.0
96,Airdropwatermelon,0.023292857
97,Aj2W0rK,0.0
98,Ajaws24142822,0.0
99,Ajaxtvgaming,0.0
100,AkakiPeikrishvili,0.0
101,AlanIsAwake,0.022327778
102,Albatross_Charcoal,0.0
103,AlderanGone,-0.05830625
104,AlexGamer3407,-0.081581818
105,Alexanderf1,0.0
106,Alexspacito,0.261988357
107,Alexx_0,0.05505
108,Alilichavez,0.043053846
109,AlirezaSaei,0.0
110,All0utWar,0.018830769
111,All4TheKingdomofGod,0.04526
112,AloofPenny,0.2083
113,Alpaca-King1,0.123475
114,Alper_253,-0.032295238
115,AlphaZorn24,-0.07955
116,Alt1119991,0.385537952
117,Alt_Acc_42069,-0.041604348
118,AltairxEzio,-0.139534242
119,AlternativeFun8977,0.023366667
120,Altruistic-Ad-1900,0.01885
121,AluminumKnuckles,-0.11988
122,Alv4riuxo931,0.073288615
123,Ambada-Thakali,0.0
124,American36,0.0
125,Amoungus_sussyboi-7,0.0
126,AmungGoose,0.24695
127,An-Average_Redditor,-0.043016444
128,AndrosRC,0.0
129,Andy_PB,-0.00795
130,AngryHobo381,0.043933333
131,AniGabe,0.11988
132,Anime-SniperJay,0.060214286
133,Anime-_-Yes-_-,0.0
134,Answer-Key,0.07364
135,AnsweredBarley0,0.0
136,AntisocialScotch,0.048992308
137,Anuhea099,0.029375
138,Any-Community-5280,0.6249
139,Any-Locksmith-9494,-0.087982353
140,Apexassassln,-0.032888889
141,Apocalypse1503,0.068696875
142,Appehtight,-0.078483334
143,Apprehensive-Newt473,0.0
144,Apprehensive_Big_528,0.071041935
145,Appropriate_Reading2,0.23835
146,AquaticCactus7,0.018403267
147,ArchdukeBurrito,0.007272222
148,ArcherInPosition,0.013758824
149,AreaRecent6989,0.02
150,ArentWeCheeky,-0.042422222
151,AricelliTheFur,0.133504167
152,Arkham010,0.07615
153,ArmaRGool,-0.030355556
154,ArnavTheWarGod,0.0
155,Artistic_Day8613,-0.142542857
156,Aryndol,-0.0516
157,AscensionAscension,-0.0817633429999999
158,AshSystem,-0.00927619
159,Ashamed_Attitude_344,-0.02054
160,AskMeAboutTheBrowns,0.020025
161,Ass_Assassin_69,-0.126505
162,Atcollins1993,0.0
163,AtlanteanSword,0.0
164,Atomdude,0.024198021
165,Austinf54555,-0.03585
166,AutoModerator,0.157913122
167,AverageJay_77,-0.08895
168,Average_Energy,-0.049342857
169,Averageidiot1alt,-0.10846
170,Awayze,0.074020909
171,Awkward-Weekend2044,0.432007143
172,Awsomesauc58,-0.06124
173,Axxxem,-0.030754167
174,Ayzeefar,0.0
175,Azkinyte,0.120358333
176,B-Company,0.012016949
177,BBQCHICKEN69v2,-0.038306667
178,BFNgaming,-0.042814286
179,BLaRowe10,0.090985714
180,BMG_Burn,-0.07945
181,BMali123,0.24695
182,BONDxUNLEASHED,-0.13816
183,BRADLEYTANK2,0.2263
184,BROOKXS,0.182616667
185,BTonICEE,0.0221
186,BagofFriddos,-0.045457143
187,BaileyJIII,0.077031579
188,Bakaboomb,0.073045714
189,BamBamNYC,0.009738889
190,Bamuhhhh,0.011456566
191,BananaAnarchy_,0.0
192,Bangdream,0.05505
193,Banned4othersFault,0.0252875
194,Bartjeuh55,0.0
195,Basic-Basket-1006,-0.07655
196,Bayliebeee,0.0
197,Bdharding,0.0
198,BeatMasterFresh,0.018129167
199,Behemoth69,0.076283333
200,Bekklor,0.0
201,Beneficial_Pace_7681,-0.0764508149999999
202,Beneficial_Wonder357,-0.033876923
203,BenjominFwanklon1738,0.040133333
204,BethyBooWho,0.07955
205,Better-Context-4727,0.0734
206,BiandReady2Die_,0.0319
207,BigBlackCrocs,0.015487121
208,Big_Money_bags23,0.0
209,Bigblackman82221,-0.080594156
210,BiggieRayGunX2,-0.077984211
211,Biggusdickus694,0.046524
212,Bigmacaroni129,0.089271429
213,Bigmoserr,0.0
214,Biker2o,0.73982
215,BitterSweetDesire,0.0
216,BlackBeard205,0.0
217,Black_n_Neon,0.03090909
218,Blackclaw42,0.167557839
219,Blackgod_Kurokami,0.0
220,Blastingwario19,-0.0313625
221,Blender_Snowflake,0.0
222,Blne_Cm_9863,0.0169
223,Bloo-shadow,0.058723333
224,BloodstoneWarrior,0.034951337
225,BlueTheBalkanMemer,-0.021107813
226,BobaFett_42,0.011
227,Boltboy1833,-0.0926219039999999
228,Bones301,0.012166667
229,BonnieB-007,0.016535172
230,BoonTobias,-0.024303922
231,BoostedEcoDonkey,0.05505
232,BootyShepherd,-0.062722222
233,Bootybandit6989,-0.0962
234,Boss_Man007,-0.034233333
235,BostonFan69,0.208086518
236,Boteftfame,0.0
237,BourbonBurro,0.1101
238,Brad5387,0.06028
239,BradtheDJ,-0.09205
240,Brail_Austin,0.2160097779999999
241,BraindeadIGuess,0.0
242,Brandito667,0.152045721
243,Braydon1324,0.0147
244,Bridge4_Kal,0.0
245,Bright-Survey-3758,-0.014354545
246,Brilliant-Ad-1962,0.0
247,Brilliant_Mess1212,0.0
248,Brodak99,-0.107088889
249,Brodias_Johnson,0.0
250,BrokenSpartan23,0.108128345
251,BullyGibby6969,0.028
252,BurekLoveWithCheese,-0.08895
253,BurnerOnlyForPorn,0.03415
254,BushMasterFlex616,0.635572245
255,Bustin_Jowers420,0.1405
256,Busy_Drawer4813,0.092325
257,Butterflychunks,-0.009042708
258,ButtholeGangster,-0.023671875
259,BxgBlxck,0.006515789
260,C-C-R-E-A-M,-0.035258824
261,CANDROX432,0.0
262,CDOMEGA,0.0
263,CND_777,0.0
264,COD6969,-0.0999
265,CODM_MasterIII,0.159225
266,CODisdead12,-0.0999
267,CPC1445,-0.0219625
268,CR7KRUL,0.126381505
269,CRPanda_,0.3235499999999999
270,CUZ-IM-DADDY,0.046328877
271,C_Moniaki,0.120016667
272,C__yb3rD3m0n,-0.037777778
273,CadeChatham,0.1468
274,CallMeDoomSlayer,-0.32985
275,Cama2695,0.126842857
276,Camstamash,-0.0489994359999999
277,CandidateSome3349,0.0
278,CandyBoBandDandy,-0.02604
279,CandyCane147,0.421340043
280,CapablePerformance,0.204984709
281,CapitalElk8347,-0.0296
282,CapnGibbens,0.091804762
283,CapnGnobby,-0.140620953
284,Captain_Banana_13,0.043850943
285,Captin3,0.025733333
286,Captobvious75,-0.073875
287,CardPlains91831,-0.01263
288,Carter0108,-0.1858
289,CartmanJones11,0.0
290,CatGamer_118,-0.023452941
291,Cat_Input,-0.095718182
292,CathedralRabbit,-0.0012533329999999
293,Cceeeeyyaaaa,0.0
294,Cearolos,0.017257143
295,Ch3zc4ke,0.014425637
296,ChadwickCChadiii,0.0
297,Chakramer,0.124643492
298,ChampionsWrath,-0.030188889
299,ChampionshipFit1437,0.0
300,Char-car92,-0.23835
301,CharacterAd348,-0.06908
302,Chaz_Cheeto,-0.043561538
303,Cheap_Sun_573,0.0683
304,CheckForAPulse_,0.083333333
305,Cheese_balls_420,0.0
306,Cheeseboii83,0.0
307,Cheesebongles,-0.025675
308,Cheesegorrila,0.062211111
309,ChefMark85,0.1172433329999999
310,Chefff_,-0.0999
311,Chester1407,-0.0929
312,Chevyorangess,-0.160025
313,ChiChi-cake,0.0
314,ChickenTit_420,-0.032175
315,Chief_Serge,3.669852158174983
316,ChiksRThic69,0.060476923
317,Choking_Israel247,0.0
318,ChrisDavismeets1sec,-0.143366666
319,ChromieHomie05,0.085
320,Chucanoris,0.0368022729999999
321,ChumbisPoody,0.03192
322,ChungusSpliffs,0.02821
323,Chydran,-0.07636
324,Cimejies,0.1756286879999999
325,CinnamonSalsa,0.128041517
326,Cismet,0.14985
327,ClamBamFam,0.018516667
328,Clawalacarte,0.15262
329,Clean-Letterhead-964,0.0
330,ClifIsBoring,0.046958333
331,CloudMoist04-27,-0.082941176
332,CluckenDip,0.369842037
333,Coach-Topher,0.0
334,Cobi6947,0.0
335,Codman7,3.6751123059123314
336,Codybgood707,0.028084615
337,Coffee_Bomb73-1,0.4939
338,Collofkids,0.4215177799999999
339,ColonelCubbage,0.008868182
340,Coltmax21,-0.016133333
341,CombatWombat0556,-0.008025
342,ComboXCV,0.039423529
343,Comfortable_Fox1117,0.037
344,ComfortablyBalanced,0.08879
345,CommanderLink,-0.065007143
346,CommanderWar64,0.01929
347,CommissarGamgee,0.057330953
348,CommunismLover3323,0.154316667
349,CommunityPretty1802,0.0
350,CommunitySimple3009,-0.025633333
351,Comp0za,-0.037
352,Competitive-Mud9636,0.31845
353,Competitive_News_385,0.001692453
354,Competitive_Simple40,0.045013889
355,CompleteFacepalm,0.292080535
356,Complete_Funny_7760,0.148
357,Complete_Location_63,0.0
358,ConflictWhiff,0.0
359,ConnectionEast8358,-0.032535714
360,ConnorAustiin,0.04404
361,Conscious-Music-1314,0.0843
362,ConsiderationFun4301,-0.057407692
363,Consistent-Force5375,-0.10832201
364,Constant-Coat-4443,-0.1101
365,ContentDolphin,-0.045457143
366,Cool-Willingness4736,-0.018233333
367,CoolDom1011,-0.068
368,Cool_Kermit,-0.21918
369,CoolestEverMade,0.0
370,CoolguyLane666,0.0
371,CopperThrown,-0.006783333
372,Corecorec,-0.070233334
373,CorndogCrusader,-0.186563333
374,CorporalGrimm1917,0.056666667
375,CorreQueTeHinco,0.0367
376,CorrodedPeugeot,-0.063159091
377,Cosmicweb08,0.4720749999999999
378,Coupi_Doupi,0.7753782638106993
379,Couthster,0.165485714
380,Cpt_Apollo_,0.0
381,CrammyCram_,0.05505
382,CreatureoftheDaynite,0.04515
383,CrimsonHoudini,-0.0681
384,CrimsonKhan,-0.028252174
385,Cringey-Human,0.04246
386,CrispyChicken9996,0.0
387,Cubsfan630,0.051014634
388,Cultural-Original846,0.0
389,CursedMClol,0.124611111
390,Cxxkies,0.0
391,D4ngrs,0.28595
392,D83T,-0.000994444
393,DANNYonPC,0.7806
394,DC150YT,0.130772727
395,DDDLoneWolf023222,0.3394
396,DEMON_LYNX7,0.464443096
397,DF-BiGsMoKe,-0.005148
398,DIABOLUS777,0.0
399,DJButterscotch,-0.000345455
400,DJW11,0.048571429
401,DJskull-777,0.0
402,DKGamer312,-0.032888889
403,DMoney131313,0.085066667
404,DNCDeathCamp,0.0
405,DR31141,0.0
406,DR3AMZx,0.014534483
407,DShitposter69420,0.06623061
408,DYMPSEY,-0.121233333
409,DaddyDeWitt,0.0
410,Daeneas,0.0
411,DamagedSpaghetti,0.0
412,Dami_Gamer0211,-0.002775
413,Dangerous-Report-879,0.023533333
414,DangerousKirby,0.1101
415,Daniel90768,0.001984615
416,Dannycreeper31,-0.095316667
417,Dante_TR,0.0
418,Dapper-Device,-0.02294
419,DarkKingXvX,0.07099
420,DarkWing2274,0.347644359
421,Dark_Symbiote,0.0
422,DarnedChickenE13,0.0128
423,DarthHoodieBB,0.011652174
424,DarthPhusk,0.039502308
425,DarthRejection,0.0
426,DarthSilas,-0.004279167
427,Dave_Da_killa23,0.0
428,DaveyDaveyDavid,0.021477778
429,David807_,0.01846875
430,DavidMasonBO2,0.10212
431,DawnGrager,-0.062914286
432,DawnRav3n,0.701870397
433,DawsBoss117,-0.018116667
434,Daxattack6,0.1405
435,Daydreamer_on_ig,-0.01945
436,DblClickyourupvote,0.025733333
437,Dburn1996,0.0
438,DeFaLT______,0.0362375
439,DeJuanBallard,0.1953
440,DeVillan14,-0.23835
441,DeadHornetGaming,0.6249
442,DeadShotXU,1.2738
443,Deadmemes4binky,-0.1858
444,Death_brick,0.0
445,DeathscytheDuo87,0.0
446,Decoy-Jackal,0.042666667
447,Deeeeeeeeeeezsnutz,0.0
448,Defiant_Detective788,-0.061933333
449,DeithvsChrist,-0.042522368
450,Deixos,0.0
451,DeltaFoxtrotDX,0.0
452,DemiDivine,0.159183333
453,Demmanueloff,0.044308108
454,DemondWolf,0.590416667
455,DennisDear1234,0.10615
456,Dependent_Sun2713,0.0
457,DepressMyCNS,0.0
458,DeputyValdez,0.011181818
459,DerBernd123,0.21278075
460,Derailleur75,0.0625
461,DerpyPerson636,-0.041219697
462,Desert6x6,0.115253333
463,DespacitoGamer57,0.117572727
464,Detcader_101,0.059711112
465,Detectivecullen4399,0.0
466,Devilstaff115,0.047428947
467,Devron119,0.0
468,DewtheDew85,0.044517647
469,Dewy164,-0.0296128459999999
470,DezzieFoxyote,1.101774995434898
471,DiamondBackHUNz,0.0
472,DickInaWall,0.122733333
473,DietDrWater,0.5267
474,Difficult-Dog-3349,-0.055825
475,DildoSammich,-0.089195
476,DimbleAndFumble,-0.0851
477,Dimitri_Bale_,0.0
478,Dingleberry_Magoo,-0.075853846
479,DinoRedRex99,0.297127857
480,Dioneches,0.010725
481,DirkDCDiggler,0.4344716799999999
482,Diro1928,-0.074
483,DirtFantastic,0.0
484,Disclosure69,0.017923529
485,Distalyricsx,0.0
486,DistributionMain7119,0.092759412
487,DividerLP,-0.14985
488,DjAmAiii,0.1468
489,Dmontssj12,-0.04912
490,Doctor-SteveBrule,-0.044122222
491,Doit888nordoihave,0.0602
492,DojiJoji,0.11718
493,DonAj20,0.108407143
494,DonJah43rd,0.0
495,DonPancho44,-0.20095
496,DonkeyKongIsMyGuy46,0.0
497,DontChewCoke,0.092218182
498,DontDoubtDink,-0.011028571
499,Donthiik-Carter,0.0
500,DonutCola,-0.425865743
501,DookieAssEatah,-0.069675
502,Doom4104,0.099898246
503,DoomStranding,-0.039028571
504,Doombringer1968,0.15443
505,DoozyDuz,0.026090323
506,DoubleTGamer,0.056666667
507,Dougz201,0.118646154
508,Dovah-Farcry,0.045542857
509,DownbadCroucher,0.069433333
510,Downtown_Restaurant1,0.4215
511,DrDickTorture,-0.025414286
512,DrRmSc,-0.057541818
513,DrSplarf,0.003967273
514,Dr_Clout,-0.0236494719999999
515,Dr_N00B,0.0
516,Dragon1562,0.06106
517,Dragonfly-95,0.3201814109999999
518,Dragonslayer414,0.026690909
519,Dramatic_Country2535,0.37398
520,Dramatic_Face_1396,0.0
521,Dreal_,0.0
522,Drougen,0.141742808
523,Drowzy_Link,0.088409091
524,Drunk_Henri,-0.01186902
525,DubThisGamer,0.0
526,DubZeroSP,-0.079519118
527,DuckyArmada,0.043992308
528,Due-Aside-2909,-0.034028571
529,DukistNyte,-0.186866667
530,Duplex_98,0.224507142
531,DurfGibbles,0.0
532,DutchsPlan1899,-0.000710714
533,Duyducluu,0.039152381
534,Dwini,-0.063633333
535,DylanTheSlaya0312,0.4018911109999999
536,Dylboy1029,0.00675
537,E115lement,-0.024116667
538,ERGI_IDK,0.1251
539,EWJ_Bear,-0.08669375
540,EXTIINCT_tK,0.077470575
541,Eagle4317,0.001571429
542,Eagle7546_,0.03612
543,Eagle_Smeagol,0.0
544,Eagles56,-0.063754545
545,Eagline,0.0
546,Early_Suspect_7068,0.061682179
547,EasternBoarder603,-0.015177778
548,Easypickens13,0.009375
549,Eaton2288,0.031055776
550,EbolaSwagR,0.1806
551,Echo3-13469E-Q,-0.0426811109999999
552,EchoEX69,0.0
553,EchoGamer_,0.0
554,Edgar-Allan-Pho,-0.0136999999999999
555,EdmundoMcBrundo,0.31755091
556,EducationalMemory161,0.154708333
557,Edwardo2468,-0.125
558,Effective-Celery8053,0.0877823309999999
559,Effective-Narwhal144,-0.0238125
560,Efficient-Force2651,0.086693334
561,EggsLayChickens,0.1468
562,Eightfold876,-0.0281
563,Either_Craft_3221,0.0
564,El-Banquero,-0.051033333
565,El-Yeeto-Despacito,0.0
566,ElMismisimoHDP,0.0
567,El_Bean69,0.06276
568,ElandHansler2004,-0.12765
569,ElbiYehRoh,-0.006725
570,Electric-Beats,0.2368666669999999
571,Electrical_Key1245,0.03062
572,Electronic_Skill5434,0.0
573,ElegantEchoes,0.50813154
574,Elexus_786,-0.328729412
575,Ellac3344,0.163936364
576,Elnuggeto13,0.0
577,Elrobinio,-0.04843871
578,EmAn1723,-0.010981818
579,Embarrassed-Split-71,0.331666666
580,Embarrassed-Talk7979,-0.13935
581,Embarrassed_Disk4289,0.0
582,Embarrassed_Grass125,0.31996
583,EmotionalBig854,0.84412
584,Emperor_Secus,-0.0903
585,Emperor_octavius999,0.0
586,EmphasisImmediate240,-0.008648387
587,EmploymentSelect8281,0.019188889
588,Emran_Ahmed,0.938290475
589,Emzilla200,0.0903
590,Ender_Khan71,-0.6705
591,Enjoy_Your_Blunders,0.036453846
592,EnkiRise,0.016383636
593,Enough-Exercise-211,0.0602
594,Enough_Teach_5022,0.032836364
595,Environmental_Let855,0.5994
596,EphemeralFart,-0.043066666
597,Epicberry,-0.024371429
598,Episkspelare,0.091875
599,Equalcolon17,0.0
600,Essentialredditor,0.0
601,Eternal12equiem,0.077675
602,Euklidis,0.056575
603,EvadeArtsy,0.078721429
604,EvanJPeet,-0.066983333
605,EveningRing1032,-0.115725
606,EvilAcr,0.0
607,Evil_Itself,0.152933333
608,ExclusivePoptart,0.0
609,ExiaValvrave,0.070952308
610,Exotic_Royal8545,0.012872727
611,Ezo_o,-0.2235
612,Ezper145,0.0
613,F1fag,0.0
614,F4llEN_____,0.08808
615,FACEPALM_99,-0.092657143
616,FHSHDHEHFHENCJSJSJ,0.10415
617,FLcitizen,0.0272
618,FPSXpert,-0.016844444
619,FPSeries,0.0
620,FRANKtheLEVEL,0.0
621,F_1_V_E_S,0.059946667
622,Faceless132,0.3847093503976245
623,Facopic,0.0
624,FahmiRBLX,0.0
625,FaithTheEnby,0.03103
626,FaithfulMoose,0.15478512
627,FakeFrez,-0.024941667
628,Fakka-Johan,0.006925
629,Falconlis_28_2006,0.146475
630,FalingoWasTaken,0.2494
631,Fallingcity22,0.047168421
632,FalloutIsFunnyAF,0.2906
633,Familiar-Eye7811,-0.00407
634,FantasticOReddit,0.046833333
635,FarFromCrying999,0.0
636,FarInstruction1,0.00258
637,Far_Structure_5306,0.0
638,FatBoiEatingGoldfish,0.137417856
639,FaultedPlace,0.0635957519999999
640,Faulty-Blue,-0.0273747579999999
641,Faze_Stepbro,0.0
642,FearDrGanzo,0.0
643,Fearless-Cockroach77,0.069717778
644,Feathers-42,-0.058106579
645,Feraniusz,0.030638721
646,Fibrosis5O,0.07804
647,FightGeistC,0.17003006
648,FillyFan777,-0.1998
649,Financial-Potential4,0.0
650,Financial_Ratio5758,0.0
651,FinestFlowers,0.0
652,Finka57,0.1591
653,FireDragon404,0.002315789
654,FireHitPanic,0.048367368
655,FirstSTR1KE_115,0.13032
656,Fishsticks292,0.046533333
657,FishyEgg,0.3824896
658,Fit_Ad_5752,0.0
659,Flaifel7,0.060214286
660,Flanky_,-0.057566667
661,Flashfighter,0.010872222
662,FlatDivide8728,-0.11438
663,FlipGordon,-0.012822222
664,Flowhiogrown,-0.08155
665,Fluffy-Economy9858,0.065375
666,FollowMyMySpace,0.060744444
667,FollowupJiggle,0.050591304
668,Foxyccc,0.0
669,Foxytroll9768679,0.078775
670,FragNuke,-0.09176
671,Fragrant-Cook6615,0.105671429
672,FrankPeregrine,0.0
673,Fre3DomUnited,0.002969231
674,Freaks-Cacao,0.1902
675,FreeKumo,-0.063926667
676,Fresh-Boysenberry-63,0.037716667
677,Fresh_Statistician26,-0.098666667
678,Friddles-14,0.138157143
679,Friendly-Campaign227,0.038553846
680,Friendly_Bot_,0.1960875
681,FrodoSwagins-,-0.184925
682,FromAnotherGamer,-0.006595608
683,Frost-Wzrd,0.0
684,FrostedLoops,0.0903
685,Frostwolf74,0.0
686,FrozenCojones,-0.03348
687,Froztbyte92,0.0
688,FuckRequiredAccounts,-0.112111111
689,Fuckoakwood,0.0
690,Full-Ad1818,0.1591
691,FullHonor9482,-0.045175
692,Fun-Ad-3994,0.0
693,FunGiPranks,0.0146041299999999
694,Fun_Doctor999,0.0
695,FurryJotaroPorn,0.039308333
696,Furry_Canadian,-0.037
697,FuzzyEatHer,0.144680982
698,G4b1tz,-0.031666666
699,GAMINGWITHDEXTERYT,0.005938462
700,GARRAR2003,0.0
701,GFX_FlewArts,0.0
702,GJM1287,0.058788889
703,GLFan52,0.020124138
704,GMetzzYT,-0.14985
705,GORDON-FREEMAN-PH0,0.0
706,GT2advanced,0.0
707,GWS_REVENGE,0.0
708,G_Kells,0.042709524
709,GabeGamerGuy,0.42245
710,GaboxTrox,0.0516
711,GalwayLad92,0.078354545
712,GamingEngine_,-0.053033333
713,GamingLogicBot,0.039165714
714,Garand_Already_Taken,-0.0776125
715,GaraoSoulis,-0.098114286
716,Garbage-The-Clown,-0.104911111
717,Gargonez,0.0119
718,Gaters12,-0.128532989
719,Gavin52125,-0.1721
720,GcubePlayer8w,-0.2787
721,GeetarMan9,0.029162712
722,GeneLaBean,0.033905128
723,GeneralCraft65,0.0
724,GeometryDashWoman,0.0
725,Georgebestgamer,0.0602
726,GeronimoHero,0.126510924
727,GerryAvalanche,0.174577778
728,Ghost-official10385,0.0
729,Ghost_TTV_1,0.0273506499999999
730,Ghosthunter5589,0.0
731,GiantA-629,0.0
732,GiantSquidd,-0.1797714289999999
733,GingerBeardicus86,-0.078340179
734,Giraftak,0.0
735,Glendrix90,-0.047055172
736,GlendrixDK,-0.027035
737,Glizzygod554,0.02848
738,Global_Environment29,0.19756
739,Globglogabgalab,0.0
740,Glockodile_Dun-D,-0.173576923
741,Gloomy_Ad_871,0.0
742,GlumSouth39,0.056816667
743,GnomeLord420,-0.01312
744,GoGoVTheWorld,0.161121429
745,God_Damnit_Nappa,0.1905125
746,GoldenHeat,-0.048933333
747,GolemThe3rd,0.122036087
748,GoodeBoi,0.0666
749,Gooni135,-0.05464
750,Gr0wlerz,-0.055058621
751,Granturismoboi,0.048933333
752,Gravity_X_,-0.1247
753,Grazzygreen,0.113165217
754,Greatmerp255,0.113333333
755,GreedyGamerYT,-0.16125
756,GreenOnLean,-0.085628571
757,GreenWarrior04,0.092559615
758,Grenadier_YT,0.091066667
759,Greyman4152,0.133471429
760,GridVic2ree,0.11988
761,GriffinXD,0.10615
762,Grimm64209,0.2732
763,GroupieChicks,0.07955
764,Grumpy_man1115,0.057414286
765,Gryphoth,0.024948
766,Gryphrey,-0.077471429
767,Guffy2403,0.087449874
768,Gunney55,0.033541463
769,GustavoCOD,0.5719
770,H3_-,0.46525
771,HAL-9420,0.197176515
772,HALO-there-new,0.0
773,HELPMYSEARCHHISTORY,0.01348
774,HOLLANDSYTSE,-0.022116667
775,HUSHHSUH,0.0
776,Hachimain,0.23812619
777,Hahohoh,-0.096964706
778,HaiggeX,0.254270355
779,Hairy_Tomato6751,0.030130952
780,HakaishinChampa,0.0
781,Hameed_1919,-0.05935
782,Hap-e,0.101753333
783,HappyHome2934,-0.1113
784,Harudenca,-0.11675
785,Have_A_Jelly_Baby,-0.003928222
786,HawkBlade1,-0.407031667
787,Hawkeye12673,0.0
788,Hayden_Jackson03,0.2873
789,HealthyAd5854,0.0
790,Heath_tK,-0.030730953
791,Heavy-Length-5808,0.0
792,HeavyReputation8718,0.06
793,Hekboi91,0.07804
794,HeroicJakobis,0.17755
795,HertCollins,0.0
796,HeyRogi,0.2997
797,HiDDENk00l,0.0
798,Hi_iam_Jason,-0.0502375
799,HipHoppOpotamus13,0.413606837
800,Hiseminense,0.00516
801,Historical_Maize3857,1.1104975
802,Holly-Wood1,0.08038
803,HollywoodStrickland,-0.0778599999999999
804,HolyPebber,0.26335
805,HondaBn,0.042491818
806,HonestRef,-0.2787
807,Hot-Sheepherder-9631,0.0
808,Hot-Surprise-2466,0.0
809,Hot_b0y,-0.0342609089999999
810,HourPurple9323,0.048992308
811,Hour_Village,0.031356154
812,Huff1809,0.024941667
813,HulkStopYouMoron,-0.018569231
814,Hunky001,0.299733333
815,Hunterknowsbest,0.048571429
816,HurricaneHomer9,-0.1101
817,Hutch25,0.097545714
818,HxCAssass1n,-0.097488393
819,I-Honestly_Dont-Care,0.07162069
820,I-Receive-You,0.0
821,I-am-Pilgrim,0.12728
822,I-sellOnions,0.0
823,I7VFECT,0.004888889
824,IAmTheSadBoy,0.0
825,IBEATCURRY1on1,-0.27115
826,ICE_T-,0.04515
827,ICPGr8Milenko,-0.0200722219999999
828,IMA9961,-0.0317
829,INSANEDOMINANCE,0.1806
830,INeedANerf,0.061867857
831,INeedHelpAlot69,-0.063825
832,ITS-YA-BOI-A-A-RON,0.073075
833,ITotalyWon,0.192913889
834,ITriedLightningTendr,0.148
835,IWantUrFoodDood,0.0
836,IXGH,0.26782211
837,I_BK_Nightmare,0.079211111
838,I_ShureAmToasty,0.0
839,I_am_the_Disguyz,-0.002532
840,I_use_Deagle,0.0703589749999999
841,IanTheMultifandomGuy,-0.05758
842,Ianm9,0.0
843,IareTyler,0.054830057
844,IcesaveU,0.012418182
845,Icy-Tower-3479,0.527366667
846,IcyDistribution2559,-0.061311111
847,Icy_Law9181,0.0843
848,IdioticPAYDAY,-0.073445714
849,Ihatechipperjones14,-0.143355556
850,Ikhouvankaas,0.047446154
851,IknowNothing6942069,0.081949057
852,Ill-Chemistry4690,0.0903
853,Illannoy1n,0.089372727
854,IllumiNotHD,0.0
855,IlmionOmeeinUso,0.0
856,Ilyak1750,0.18082
857,Im13butihatefortnite,0.0238125
858,ImDankest,0.31245
859,ImEverywhereOnReddit,0.0
860,ImMoray,-0.01155
861,ImVeryUnimaginative,0.1151111109999999
862,Im_DJ_Golden,0.171624133
863,ImaBlackmon,-0.090327272
864,ImaginarySky9592,0.0
865,Immediate-Fail9529,0.0
866,Immortan-Moe-Bro,-0.25574
867,ImportantCakeday,0.020129032
868,ImportantGreen,0.113928045
869,Impressive-Basil-135,0.0
870,IncorrectOwl,0.0796125
871,Independent-Web1930,0.056575
872,IndependentFox1730,0.0
873,Indie-Santana1,0.148
874,Individual-Diet-8109,0.035355556
875,IneedtoBmyLonsomeTs,0.065568507
876,Inevitable_Outside96,0.1101
877,InfernoDragonKing,-0.003775
878,InitialEar2936,0.0
879,Injunity,0.0
880,Injustasss2,0.01544
881,Insanity8016,0.0
882,Insatiable_Pervert,-0.0128375
883,IntellectualDweeb,0.08038
884,IntelligentSafety471,0.056666667
885,Intelligent_Drive_34,0.012866667
886,Intelligent_Fig_4852,0.068
887,Interesting-Pin7361,0.094576974
888,Interesting-Yellow-4,0.006252941
889,International_Cap245,-0.122642857
890,Intezard006,0.111184375
891,IntroductionCheap325,0.0851
892,IsaacLightning,0.0
893,IslandAppropriate764,-0.099663636
894,Ismokerugs,-0.005136364
895,Isziahs,0.0
896,ItheGuy115,-0.146965
897,ItisNOTatoy,0.051089655
898,ItsAlwaysSunny1992,0.0
899,ItsJust_Tonio,0.002588235
900,ItsMrDaan,0.047859091
901,Its_squeaks,0.0351799999999999
902,ItzMelxdy,0.0903
903,Itz_Sc00by_Official,0.0442875
904,JBroZTv,0.047262
905,JD60x1999,-0.110976767
906,JDDimensions,-0.106066667
907,JDMedits,0.010076923
908,JK_Chan,0.066658333
909,JM91Six,0.028667647
910,JMahss,-0.03062
911,JPetro49,-0.005915385
912,J_17x,-0.11988
913,JaCrispyMcNuggets,-0.072942857
914,Jabba_the_Putt,0.081975309
915,Jack1715,0.006886667
916,JackMeoff_,0.0
917,Jackamalio626,-0.184066667
918,JackdawMiles,0.0
919,JacketsTapeRecorder,-1.8787994940212105
920,JackstaWRX,0.0
921,Jadams0108,0.0
922,Jafharh,-0.073338462
923,JakeVacca,-0.069675
924,James_Moist_,0.0
925,Jamesbando-gaming,-0.190633333
926,Jamescarne89,0.08808
927,Jameztheprez,-0.009055556
928,JangusCarlson,-0.11109
929,Jaredinblizzard,-0.02732
930,JariPato,0.0
931,JayFast,0.0
932,JayJayPeeko,-0.085628571
933,Jaybulls1066,0.596183333
934,Jcorellablows,-0.044655556
935,JeRicHoOL,0.0
936,JeeringDragon,-0.1207172439694808
937,Jehger,0.180154013
938,JellyOk2873,-0.009075
939,Jellys-Share,0.0
940,JeppeHanen,0.00215
941,Jeremy625,-0.0318
942,JerichoKane88,0.0
943,JerkinJosh,0.0
944,JerryCat72,0.0
945,Jesssse-m94,0.031711765
946,JimSaves,-0.053075
947,Jimjones341,0.076092857
948,JockeyField,0.039127273
949,Joe_Burrow_Is_Goat,-0.02054
950,Joel_H_,0.007883333
951,JohhnyJ21,-0.02038
952,John_Bishop-145-97,0.15172
953,John_Paul_J2,-0.09176
954,Johnhfcx,0.046833333
955,JohnnyCenter,0.003208333
956,JohnnyS1lv3rH4nd,0.015430769
957,JohnnySasaki20,0.130634786
958,Johtoboy,0.029142857
959,JoshDabbington,0.0
960,JoshMcJoshy,0.0
961,JoshThePleb1o1,0.0
962,Joxydaskull,0.0
963,Jrkid100,0.096746666
964,Jrshaw_1,-0.01985
965,Jsonic3000,0.007290476
966,JuggBoyz,0.042445714
967,Juken-,0.025733333
968,Juls317,0.06653
969,JulzRadn,-0.004737931
970,Jumpy_Wizzard_,0.03055
971,JunkCrap247,0.0
972,JunoBun,0.10534
973,JustASyncer,0.0
974,JustGoodOldHarold,0.0
975,Just_Intrepid13,-0.080547223
976,JustwinHerbert,0.088755556
977,Jx_Wafflez,0.13529
978,KEVSEA,-0.057566667
979,KINGOFTHEBRIEFS,0.0
980,KJ2832,0.065625
981,KKreaps666,0.0
982,KNIGHTFALLx,-0.3119
983,KOOLKAT_FTW,0.024666667
984,KRawatXP2003,0.09878
985,KSI_FirePoker,-0.012088889
986,KUMonHERface,0.0
987,KYlaker233,0.1189
988,Kaiser-TRG,0.0
989,KaiserReich_Mapping,0.001821429
990,Kalmer1,0.033016
991,Kampfirekid,0.047566667
992,KamuiObito,0.0
993,Kanenite3000,0.0
994,Kangorro,0.019348837
995,Karamel43,0.035095833
996,KarlWhale,-0.133966667
997,KatelynC110100,0.140077778
998,KatoG229,-0.069747619
999,KaylaFrank,0.1101
1000,Kazzacuss0117,0.0602
1001,Kektastrophe,0.0
1002,Kenny1115,0.57145
1003,KennyHasNineLives,0.0
1004,KevinSupreme2505_PH,0.0602
1005,Key_Side_4386,0.381266666
1006,KhalGhoush,0.0602
1007,Kickass2099,0.003533333
1008,Kiggzpawn,0.082218182
1009,KillChriss,-0.062908333
1010,KillYT187,-0.034
1011,KilldaSuits,0.0
1012,KindCyberBully,0.0
1013,Kind_Restaurant3315,0.315552575
1014,KingAJ032304,-0.1318267669999999
1015,KingChook,-0.001387921
1016,KingPooBar,0.156225
1017,KingZombiKiller,0.008428
1018,KinglyBlaBla,0.0
1019,Kitties-N-Titties-11,-0.051677778
1020,Klutt-337,-0.017178571
1021,Klutzy-Relief9894,-0.37342
1022,Klutzy_Juggernaut,-0.05619
1023,Kluuz,0.036388503
1024,Knekten66,-0.0345583329999999
1025,Knekten66v2,-0.093144444
1026,KodiakPL,0.040284
1027,Kooky-Ad6715,0.0
1028,Koolin12345,-0.000647619
1029,Kreature_of_habit,0.0516
1030,KrowJob,0.0
1031,Krrish_Rad0x,-0.05994
1032,KrunchyKushKing,0.208607171
1033,Kryptonikzzz,0.023436
1034,Kryztripleb,-0.0040928569999999
1035,Krzych123,0.0
1036,Kyle8778,-0.00842
1037,Kyserham,0.0
1038,LAJ67,-0.113173256
1039,LGCGE,0.0
1040,LQQBS,0.045233333
1041,LaSauceaSpagh,0.0
1042,Laj3ebRondila1003,0.0
1043,Lamystoriious,-0.038575
1044,LanceHarbor_,0.024285714
1045,LancePants33,0.50065
1046,LanguageNo7891,0.0
1047,Lanky_Weakness_3657,0.0
1048,LastCallKillIt,-0.178978947
1049,Latamayo,0.0425311109999999
1050,LayneCobain04052002,0.0
1051,LazyAnonBoner,-0.050864286
1052,LazyBro69,0.086841667
1053,LeShordie,0.0
1054,LedFarmer_,0.0
1055,LegendaryDraft,0.023847368
1056,Legendary_Goof515,0.1949
1057,Leggoman31,-0.11988
1058,LeoE_2006,0.0
1059,Lethal_Spartan377,-0.135575
1060,Letsvybmeatstix,0.0
1061,Lettik07,0.07098
1062,Leviticvs,-0.133739166
1063,Lifted-Horns-4x4,0.013958824
1064,LightlySaltedcock,0.0
1065,LilMushroomBoi,0.1468
1066,LilNezuko_,0.100838889
1067,Lil_Pipper,0.0
1068,LineSpine,0.085716667
1069,LingeringSentiments,0.05
1070,LionApprehensive9266,-0.180766667
1071,LiterallyPlays,-0.049375
1072,Liutenant_Pingu,0.0
1073,LoaderBeans1,0.03342
1074,Local-Falcon9989,0.0
1075,LocalAmericanOtaku,-0.15665
1076,LoganDoove,0.080220635
1077,LoganJn,0.088127273
1078,LogicalCauliflower97,0.0
1079,LohAries,0.5859
1080,Lolapuss,0.011114286
1081,LoneBear907,-0.051033333
1082,Lonely_axolotl117,0.082316667
1083,LordBrammaster,0.0
1084,LordPenisWinkle,-0.003055172
1085,Lord_Ragnok,-0.03389375
1086,Loris2004,0.107571429
1087,LowRiskHades,0.036536364
1088,Lower-Manager-1556,-0.228289827
1089,LucasPlay171,0.138961111
1090,Lucas_Islas,-0.034491667
1091,Lucky7Revolver,1.428943575
1092,Ludant,-0.039446667
1093,LudwigJager_EC,0.08808
1094,LukaTheGamer123,0.084925
1095,LukeSkyDropper,0.296
1096,Lumpy-Algae6864,0.0242066669999999
1097,LuringPoppy,0.1998
1098,Lux_Operatur,0.08975
1099,Lwallace95,0.128924737
1100,M1ck3yB1u,0.21068
1101,MAXHEADR0OM,0.07955
1102,MEDAKk-ttv-btw,0.074545455
1103,MGBIGS,0.0
1104,MLG-Hilp,0.1204
1105,MLG-N3WBE,0.0
1106,MLG_SkittleS,-0.150485714
1107,MONYJOW,0.1909
1108,MOZAN33R,0.017483178
1109,MR_MEME_42,0.127680435
1110,MRidha99,0.015275
1111,MW2_DMZ_Vet,-0.037777778
1112,Mac_attack_1414,-0.006007692
1113,Mach1Mike13,0.0198475
1114,Machote777,-0.15355
1115,Machotoast04098,0.0
1116,Macivelli503,0.0
1117,MadCyborg12,-0.061792
1118,MadMan19YZ,0.224814286
1119,MadeBrazen,0.05267
1120,Maenjuu,-0.23835
1121,MagicCarpetBomb,0.0
1122,MagicianExotic347,0.20095
1123,MahM78L,-0.057414286
1124,MahaVakyas,0.50065
1125,Mahboishk,0.0
1126,Mahonneyy123,0.29295
1127,Mai_TaiButterfly,0.0
1128,MajM3RK,0.000273077
1129,Majestic_Rule9192,0.0843
1130,MajorMemeTV,0.04515
1131,Maleficent_Target184,0.2611653849999999
1132,Malq_,0.08808
1133,ManLikeCRD,0.1255625
1134,ManPerson946,0.0
1135,ManPrawn,0.0
1136,ManagerQueasy9591,0.199654545
1137,MandalsTV,0.0
1138,MandoMan63,0.015194366
1139,Manhuntxx,-0.0801
1140,Many-Magician-9981,-0.032728
1141,Many_Security5929,-0.231617216
1142,Marjorine22,0.11384
1143,Marksman08YT,-0.253381044
1144,Markz1337,-0.115975
1145,Mash709,0.022113095
1146,Mass2424,-0.104855
1147,Massive-Magician3872,0.0
1148,MassiveSample7230,-0.0102875
1149,MasterBathingBear,0.173898413
1150,MasterDuckJulian,0.0
1151,MasteroChieftan,-0.040036364
1152,Material-Disk-1611,0.017457143
1153,Mathiasxd148-,-0.051186667
1154,Matt8992,0.017168421
1155,Matt_has_Soul,0.019153333
1156,Matthew-6464,0.0
1157,MaxMello01,0.146475
1158,Maxman82198,0.020980556
1159,MayKinBaykin,0.113466667
1160,McBonkyTron,0.072805431
1161,Me-Ook-You-In-Dooker,-0.063916418
1162,MeasurementFriendly6,-0.12765
1163,Meaty_Boii,0.14545
1164,Medium-Hornet2470,1.418845537
1165,MegaPiggy22,-0.054442857
1166,Memeloverguy,0.015972727
1167,Mememisery2,0.0
1168,Memes_kids,0.086745778
1169,Memetasticmemes,0.59211
1170,MemezLord11,-0.051461538
1171,Menaceguns,-0.23835
1172,MeowMeowMeowMan,-0.058508333
1173,Merrick_ABAO,0.0
1174,Messy_Egg,0.07025
1175,MetalUpstairs,-0.032788235
1176,MetalingusMike,0.370600575
1177,MetsRule1977,0.0154
1178,MicckeyMol,-0.04721
1179,Michael724242,-0.055942105
1180,Michael_CrawfishF150,0.0
1181,MidNightMoon_x,-0.0050875
1182,Middle_Actuator7086,0.1641375
1183,Mikatatadorin,0.141761111
1184,Mike-honcho-69,0.0851
1185,MikeLanglois,0.0
1186,Millsappp,-0.1591
1187,Mind-Breach,0.174775
1188,Minimode,-0.020171875
1189,MiracleJnr1,0.256
1190,MiseryQueen,0.2238861109999999
1191,MistaPeng,0.066983333
1192,MistxLobsters,0.0
1193,MitchsMisadventures,0.08231875
1194,Mizfit314,0.031271429
1195,MkfMtr,0.0
1196,Moabkilr45,0.0
1197,MobileRefrigerator66,0.296
1198,MobileTough,0.013750781
1199,MobileVortex,-0.017116667
1200,ModxVoldHunter,0.04075
1201,Mojixen,-0.11988
1202,Moleman_G,0.034
1203,MonitorFearless9574,-0.1047875
1204,MonkeyManBanana,0.0
1205,Monkeyfarts1234,0.0
1206,Monkiller587,0.337063334
1207,Monroe_Chichona,0.065542857
1208,Moopa000,0.0
1209,More-Adventure2,-0.2553
1210,Moshfeg123,0.024252542
1211,MostCycle5815,0.027254545
1212,Mother-Spare-6231,-0.4939
1213,Mother_Preparation29,0.028141667
1214,MouldyPriestASSHOLE,-0.100553526
1215,MowMdown,0.019788889
1216,Mr-Cali,-0.00792
1217,MrAcorn69420,0.099825
1218,MrAlexanderBlack,0.0
1219,MrAndrew1108,0.0
1220,MrBoots47,-0.086716667
1221,MrCucumber7511,0.0
1222,MrCummins,0.19722
1223,MrGamerPerson,0.10615
1224,MrKenzington69,-0.0658375
1225,MrKevora,0.0
1226,MrLamp87,0.0
1227,MrOtto47,0.026164113
1228,MrPetrolstick,-0.060255556
1229,MrQuitz_YT,0.313060242
1230,MrSecurityStalin,-0.0757
1231,MrTacc,0.002898319
1232,MrValley_psn,0.09285
1233,Mr_EP1C,0.04898125
1234,Mr_Gamer_69,1.6755438095982689
1235,Mr_Nobody1522,0.138157143
1236,Mr_Strootle,-0.051033333
1237,Mr__G0ld,0.0
1238,Mrcountrygravy,-0.008400556
1239,Mrsocko95,0.1998
1240,MsonC118,0.0
1241,MuffledGnat,-0.023433333
1242,Muhammad53323,0.008577778
1243,Muir420,0.08005
1244,Mulb3rryStreet,0.108544444
1245,Mullernaire,0.08808
1246,Multiple_Nick,0.14985
1247,MurderIsRelevant,-0.0193
1248,MurkyNinja,-0.03975
1249,Mused666,-0.013410526
1250,Musicmaker1984,-0.034233333
1251,Mustang-boi-543,-0.105021052
1252,Muted-Pie-7758,0.0
1253,MxJ40,-0.017694286
1254,MyFriendMaryJ,-0.014275578
1255,MyUshanka,0.039366667
1256,Myguysammurai01,0.0
1257,Mynam3wastAkn,0.036677778
1258,MysteriousSimple7115,0.078354545
1259,N-B_Ninja,0.0843
1260,N-E-B,-0.050075
1261,N0T_KitTy_16,-0.07655
1262,N0_ST3P_0N_SN3K_,0.0
1263,NFGaming46,-0.001394118
1264,NOBODYxDK,-0.030915385
1265,NOTUgglaGOAT,0.06072
1266,NOVOJ,0.042691731
1267,Narrow_Heat_3007,0.09878
1268,Natasha_Gears,0.037
1269,NateTheVape,0.0579
1270,NathanCollier14,0.0
1271,NatureLost,0.0
1272,Naughty-Maggot,-0.133849013
1273,Nauty_YT,0.13275
1274,Nearbook5308,0.0
1275,Neaty,0.073033333
1276,NecessaryMarsupial84,-0.01438125
1277,Necrotiix_,-0.026142105
1278,NeffAddict,-0.08738
1279,Negative_Papaya_5792,-0.041545455
1280,Negrizzy153,0.0138638109999999
1281,NekoArc,-0.031169231
1282,NeonMagic,0.0
1283,NeverGonnaGi5eYouUp,-0.10846
1284,NewHum,-0.026516667
1285,NicePutt,0.14445
1286,NickelCitySaint,0.0
1287,NightHawk_358,-0.016427273
1288,Nijii01,0.043930769
1289,NimbleVaseline,0.195675
1290,NinjaLucas274,-0.085628571
1291,NinjaShogunGamer,-0.005079167
1292,Nixia64,-0.031505263
1293,No-Ad-4185,0.048380435
1294,No-Application-6218,0.0
1295,No-Cricket1094,0.0
1296,No-Dirt-8991,0.0
1297,No-Field-2337,-0.020145
1298,No-Necessary-8333,-0.033563158
1299,No-Struggle995,-0.1042375
1300,NoEscape_6,0.0
1301,NoOneLordOfNothing,-0.0666
1302,NoRegertsWolfDog,0.0
1303,NoSquiIRRelL_,0.12402066
1304,No_Faithlessness8931,-0.06358
1305,No_Zookeepergame7649,0.0077151919999999
1306,Nocapjodye,0.0
1307,Nochumps,0.0
1308,Nojjk,0.033227273
1309,NooliesKnickKnacks,0.020444444
1310,Not-DrBright,-0.0214
1311,NotASexOffenderWink,0.0
1312,NotInvadingBerlin,0.130125
1313,NotThirdReich,0.0
1314,Not_Artifical,0.003866667
1315,NotoriousbiggsX,0.038666667
1316,Nouri_Cheater,0.0688
1317,NovaCoyote,0.05464
1318,NugsAU,0.0
1319,Nuker_Nathan,0.0
1320,NutmegOnEggs,0.051033333
1321,NuttyIrishMan93,0.0
1322,Nws4c,0.139839706
1323,Nx_Tiger81,0.0
1324,NxtGenAuthor,-0.035913333
1325,OB141x,0.052075
1326,OBNOTICUS_ATHF,-0.059831579
1327,OGImmortalVortex,0.024285714
1328,OG_TD,0.0
1329,OHoSPARTACUS,-0.063578571
1330,ONT1mo,0.070130769
1331,OO7-Dimitri,0.1113875
1332,OPTIMEGATRONUS,0.049914286
1333,Obi1CannotBe,0.74305
1334,Objective_Watch,0.164367583
1335,OblivionCrisis3e,0.033178175
1336,Oblivious-abe-69,0.2997
1337,Occasion_Adept,-0.026153846
1338,OculusVictus,-0.04645
1339,Odd-Razzmatazz7151,0.0
1340,Oderol,-0.06707
1341,Odioshi,0.132483333
1342,OffensiveAss,-0.021175
1343,OffensivelyAmerican,-0.030184616
1344,Ohjay1982,0.0
1345,Oisuzyplaystation,0.0484
1346,Ok-Chard9898,0.02408
1347,Ok-Comfort-136,-0.070542857
1348,Ok-Control-3394,-0.09332
1349,Ok-Helicopter4958,0.0
1350,Ok-Situation-5897,-0.133966667
1351,OkAd7449,0.0
1352,Ok_Astronaut9301,0.0
1353,Ok_Cheesecake3978,0.0
1354,Ok_Pepega,0.0
1355,OmegaKaiju,0.022307692
1356,OnQore,-0.036677778
1357,Ondexb,0.475149858
1358,OneGuy2Cups,0.0
1359,Onion5253,0.233133333
1360,Oniondice342,-0.0592
1361,Oof_man888,-0.0326375
1362,Optimal_Plate_4769,0.0
1363,OrcoDio19,0.05505
1364,Organic_Drop_3433,0.174748182
1365,Organic_Fuel_1090,-0.05135
1366,Original-Chemistry23,0.11344624
1367,Originalchunker408,-0.3071
1368,OrochuOdenMain91,-0.062505882
1369,Oskle,0.1642832109999999
1370,Osmanchilln,0.099451724
1371,Other-Ad5512,-0.034
1372,OutlawRamos04,0.00397
1373,OvenNo8862,-0.133966667
1374,OverPainment,0.0289
1375,OverTheReminds,-0.150557143
1376,PAXTF1999,0.0
1377,PHANTOMBITZ,0.0
1378,PM_ME_COOL_THINGS_,0.109890909
1379,PM_ME_UR_SELF,-0.054788889
1380,PR0G4M3R05,0.578266667
1381,PRV_Ghost,0.007414286
1382,PSCRAZYPRO,0.117044444
1383,PTownDillz,0.088083333
1384,PackGod06,0.027909677
1385,Pain2DaWorld,0.078065
1386,PainInMyArse,0.0
1387,PaleRiderHD,0.002337932
1388,PalpyTEEN,0.050977778
1389,PanspermiaTheory,0.0
1390,PanzerSloth,-0.008792453
1391,PapaKnoff,-0.113333333
1392,PapaLeguas_436,0.159225
1393,Papel0,0.108623077
1394,Paper_Kun_01,-0.1123
1395,PapiGoneGamer,0.0
1396,ParadoxFlashpoint,0.0
1397,ParsaDinarvand,-0.001771429
1398,Particular-Let-196,0.0
1399,Party-Glove24,0.4215
1400,PartyImpOP,-0.268286273
1401,PatrickMcDee,-0.029233333
1402,Paulkdragon,-0.061855385
1403,PawAirMah,-0.050638095
1404,Peanut2805,-0.01869
1405,Peanutgallery_4,0.0
1406,PegasusTwelve,-0.016983333
1407,PenguinPajamaPants,0.196071428
1408,Penguin_Boii,0.007018182
1409,Pepelefrogswood,0.05915
1410,Perpetualshades,0.0
1411,Personal_Ad_7897,0.152954286
1412,Phallic-Phantom,-0.010972222
1413,PhanBeasts,-0.0054499999999999
1414,Phantomic_Bomb,0.0
1415,Phi1_Swift,-0.004233333
1416,PhiDeltDevil,0.0
1417,Phil_Matic,-0.0592
1418,PhoenixPalmer,-0.0903
1419,Pichuunnn,0.016747368
1420,PieFace11,0.0
1421,PieSpirited2247,0.0502375
1422,Pillbugly,0.018577778
1423,Ping-and-Pong,0.027641379
1424,PinkHairedMan01,0.083928571
1425,PinkPoolz,-0.106066667
1426,Pink_floyd76,-0.098666667
1427,PinoDegrassi,0.0
1428,Pintexxz,0.0
1429,PlagueService,-0.020016667
1430,PlatFlat,0.175585714
1431,PlatanoGames_YT,0.018281818
1432,PlatinumPequod,-0.01987
1433,Player731259,0.020366667
1434,Pleasant-Rice822,0.0
1435,Pleasant_prat,0.0
1436,PoetBoye,0.0
1437,Pontooniak96,0.051191606
1438,PoopCumAndShit,0.012985714
1439,Poopyhead_Stinkyface,0.0
1440,PootatoKing,0.029761538
1441,Popped_smoke,0.048342857
1442,PopularImportance432,0.062914286
1443,Positive_Treacle_961,-0.354133334
1444,Positive_Year_6230,0.0
1445,Possible_Drawing_868,0.048265854
1446,PotatoAim1805,0.0
1447,Pow67,1.2569115237300896
1448,PowerPamaja,0.058308333
1449,Powerful-Law5068,0.0
1450,PradaGT,0.053938462
1451,PrepperYT,-0.21026
1452,PresentationAdvanced,0.0386
1453,PrestigiousAd5646,-0.065430769
1454,PreviousAvocado5599,0.148
1455,Prideful-One,-0.019169565
1456,Primary-Roof-8875,0.1591
1457,PrimusDCE,0.0
1458,Pristine_Telephone76,0.0
1459,Professional_Elk_893,0.029333333
1460,PsnReBirthOfMac_HD,0.0
1461,PuchedInTheBalls,0.048825
1462,Puff-pin,-0.05267
1463,PugLander,0.0
1464,PugMuggin,0.006058333
1465,Puggleboi2,0.3139221708683474
1466,Pugs4peeps,0.0
1467,PulseFH,0.0
1468,Pure-Can5411,0.0
1469,Purple-Yoghurt-932,0.0
1470,Puzzled-Delivery-242,0.342461826
1471,PuzzleheadedAd1153,-0.020177788
1472,PuzzleheadedSector2,0.120904761
1473,Puzzleheaded_Echo_79,-0.00772
1474,Pwispwlol,0.071298684
1475,PxcKerz,0.0289
1476,Pyroplsmakepetscop2,0.0
1477,QTip-masturbator,0.0
1478,QuicktimeSam,0.121909091
1479,QuinSanguine,-0.009279167
1480,Qwinn_SVK,0.0
1481,Qyokai,0.076273333
1482,R18S,0.0
1483,RAINESest2005,0.039166667
1484,RCM88x,0.035166667
1485,RDR2018,0.064555556
1486,RDR2Enthusiast,0.0
1487,REDPURPLEBLOOD2,-0.034378333
1488,REVENGE966,0.2707
1489,RIC454,0.0
1490,RModshaveligma,-0.076466667
1491,ROGUE_COSMIC,-0.054542857
1492,RONALDGRUMPF,0.125954545
1493,RTLT22,-0.042285714
1494,RUBYKING_63,0.09078
1495,R_FireJohnson,-0.060203903
1496,Rab1d_Kitty,-0.0282875
1497,RadPhilosopher,0.0
1498,RadRedditor3,0.097866667
1499,RadicalAi,0.10524
1500,Rae_18703,-0.01838
1501,Raggaxx,-0.0276
1502,RagingBuddha79,0.4019
1503,Rahmetli_Yoda_II,0.016585714
1504,Rai_guy,-0.007288312
1505,Raikou_Kaneki,0.06506907
1506,RandomBloke2021,-0.613273334
1507,RandomPerson521,0.087077778
1508,RandomStormtrooper11,0.077075
1509,RaptorRex007,0.159225
1510,Ratchet2332,0.04525
1511,Raul_Robotnik,0.0
1512,RavenousAdams,0.255116667
1513,RazorGuy223,0.07224
1514,RealHumanBeing2121,0.0602
1515,RealMZAce,2.8816101032730663
1516,Real_Money531,-0.135575
1517,RealestYG,0.048992308
1518,Reasonable_Camel_925,-0.1589
1519,Rebyll,-0.023147727
1520,Red4297,0.171255556
1521,RedScope53,0.0
1522,Redd_Spectre,0.0
1523,Reddit_Hates_Me1,-0.296
1524,Reddit__Sucks__,0.17459
1525,RedditorAVP101,0.0
1526,Redditor_Rebooted,0.074
1527,Redevious,-0.005283333
1528,RedfieldMcGee14,-0.085628571
1529,Redjive25,-0.173617056
1530,RedneckWeaboo,-0.067623077
1531,Redrix_,-0.15745
1532,Rekkenze,0.018018181
1533,Relevant-Ad-8022,0.203428571
1534,Relevant-Book-3086,0.0
1535,Relevant_Elk7494,-0.164925
1536,Repulsive_Chemical_7,0.056666667
1537,Resident_Flight_2476,0.0
1538,RespectSudden,-0.027777778
1539,Responsible-Bench528,0.266501429
1540,Responsible_Artist46,0.0
1541,RetroBastardo,0.0608625
1542,RevMungoose,-0.0677875
1543,RevolutionaryRun2838,-0.028927273
1544,RevolutionaryTry7031,0.0
1545,RiccceKwispy,-0.091066667
1546,Richiieee,0.077570048
1547,Rico_CCXXVIII,0.126916667
1548,Riftus,0.6018979799999999
1549,Riggamortizz,0.1101
1550,Rijsouw,-0.051033333
1551,RikWierinckx,0.23955
1552,RingOriginal94,0.0
1553,RisingHegemon,0.0
1554,Rizzaboi,-0.3243
1555,RobbiesCafe,0.4215
1556,RobbyDeadman,0.0
1557,Robby_3,0.482653627
1558,RoboTurnip17,0.23835
1559,RobzillaMyNilla,0.07955
1560,Roch0,0.007816667
1561,Roflolmaoguy,-0.056666667
1562,Rogerthrottleup,0.0
1563,Rokakolyok,-0.056575
1564,Ronin_777,0.0
1565,RookieHaloodst3,-0.175566667
1566,Rooster6199,0.010202516
1567,Royal-Ad9744,0.013572727
1568,RubyKarmaScoots,0.0
1569,RudeJuggernaut,0.5267
1570,Ruffy304,-0.153728571
1571,RuggedTheDragon,0.1973313931105519
1572,RumpLiquid,0.0
1573,RunAlice,0.1147
1574,Runnergun,-0.094952587
1575,RushinRusha,0.0
1576,RussW210,-0.0042
1577,Russe1Adl3r,0.0252875
1578,RusticOpposum,-0.1595428569999999
1579,RustinForJustin,-0.019284615
1580,Ryamix,0.071066667
1581,RyanBordello,0.0142875
1582,Rydrslydr715,-0.076071969
1583,Ryenxx,0.069955556
1584,S4VAGExCoopx,-0.024505882
1585,SBAPERSON,-0.092631026
1586,SCORPIONfromMK,0.0
1587,SEAG00SE,-0.09534
1588,SHAMPAIN2002,0.0
1589,SJBailey03,0.2162018829999999
1590,SLYRIV,-0.072225
1591,SMUGGLYMcERRL,-0.09878
1592,SOCOM_JOHN,-0.014671429
1593,STR_CraZyBoT,-0.1702
1594,Sabberndersteve05,-0.077023333
1595,Saboosh101,0.00713
1596,SadHappyRobotMusic,2.397144342105263
1597,SaeedUnknown,0.146614286
1598,Safe_Inspection69,0.069491667
1599,Saft_Chri,0.20095
1600,Sahtan_,-0.6586
1601,Sainoh,-0.163377841
1602,Saltire_Blue,0.23436
1603,SamDuymelinck,0.003176724
1604,SamSlayer09078-x,0.0620162739999999
1605,Sambit_Talkies,-0.08808
1606,SamuraisEpic,0.163925
1607,Sanctified_Savage,-0.111136842
1608,Sansjefff,0.25532
1609,SargeDale3,0.151966
1610,SavageElectrician,-0.006533333
1611,SaveVideo,0.0
1612,Saviourr_420,-0.056666667
1613,Saygisiz_Adam,0.0065056706166677
1614,Sc0p1x,0.398933333
1615,Sc17ba51,0.0
1616,Scadooshy,0.0
1617,ScapeGoatOfWar,0.069311852
1618,Scarababy,0.0
1619,Scarecrow1779,0.0
1620,ScheidNation21,0.017188
1621,Schrukster,0.058645834
1622,SchruteFruit,0.401720045
1623,ScoobyMcDooby93,0.04515
1624,ScotchSinclair,0.030803913
1625,Scottg8,0.042007609
1626,Scroch65,-0.060494737
1627,Sea-Foundation-3554,-0.09286875
1628,SeaGL_Gaming,0.02849104
1629,Seababz,0.0
1630,Seanmoby,0.043157143
1631,SebbyChan,0.0277
1632,Secular_Hamster,0.04728173
1633,SeduceMeMentlegen,-0.07945
1634,Sepehrbigman,0.0
1635,Sephlian,0.049093333
1636,SerplePurple,0.1225
1637,Setthhxy,-0.23136
1638,SexualPie,-0.0177
1639,SexySturmtruppen,0.031838889
1640,Sgt-Picklez,-0.025675
1641,SgtDoggo1337,0.0
1642,SgtGhost57,0.085807692
1643,SgtVinBOI,0.051275108
1644,Shade00000,0.2294
1645,ShaderzXC,0.023632558
1646,Shadezz_IX,0.082316667
1647,ShadowWolf7259,0.0
1648,ShaggedUrSister,0.0
1649,Shahaancreeper,-0.0254749999999999
1650,ShaqilleoPeel,0.048571429
1651,Sharebear42019,0.0
1652,SharkmanCPW,0.062914286
1653,Shatnips,-0.09534
1654,Shaunaghini,-0.051033333
1655,ShavedDig88622,-0.1702
1656,Shibeuz,0.013474766
1657,ShibuRigged,0.129436836
1658,ShiftingMomentum,0.0
1659,Shinigamisama00,0.18555119
1660,ShisuiGamer9_YT,0.0
1661,Shock_the_Core,0.0
1662,ShockinglyPale,-0.011661538
1663,Shook_Rook,0.0
1664,Short_Dream8182,0.08066
1665,ShotYaInDaJunk,-0.051033333
1666,SiLeNZ_,0.05746
1667,Sids_left_nut,0.106066667
1668,SiegeSzn,-0.008329412
1669,SignalLossGaming,0.0207441079999999
1670,Signal_Dig7910,0.113333333
1671,SignificanceOk981,-0.014192308
1672,Significant_Value_27,0.13355
1673,Sik000000,-0.013075
1674,Silent-Primary-9826,0.083057143
1675,SilentDeath013,0.0
1676,Silly_Distance_4958,0.029818182
1677,Silver-Journalist634,-0.380566667
1678,SilverBOi77,-0.0407
1679,SilvrxM0nst3r,0.2123
1680,Sincerely_Quatermain,0.038465
1681,Singlxd,-0.0543733329999999
1682,SinopaHyenith-Renard,0.0
1683,SirBurns72,0.0163
1684,SirCleanPants,-0.13545
1685,SirSwirll,-0.077471429
1686,Sirstevethetall,0.0046875
1687,SithMaster_Dan,0.0
1688,SixStringDave90,-0.001517712
1689,Skiyoz,0.0
1690,SkydivingSquid,0.036005
1691,SkyllerzYT,-0.098748571
1692,SkywalkerDuke,0.269244047
1693,Slavyslav106,0.3631876275040748
1694,Sleepingtide,0.0
1695,SleepyHarry,0.0
1696,Sleepy_Slothx,0.0
1697,SlickDaddyP,0.0
1698,Slight-Curve8697,0.0
1699,SloanOnPluto,0.0734
1700,SmartAssX,0.2704999999999999
1701,SmellyWetsuit,-0.0129
1702,SmittenGalaxy,0.135115385
1703,SmudgeGien,0.367884324
1704,SnaggedTitan150,0.0075
1705,SnakeSound222,0.0
1706,Snake_eyes_12,0.1405799999999999
1707,SnapShooter07,-0.0144230769999999
1708,Sniper_One77,0.0
1709,SnipingBunuelo,0.043156093
1710,Snivinerior,0.1405
1711,Snoo_5224,-0.14985
1712,SoCoolCD,0.0
1713,SoNerdy,0.060214286
1714,Soap_on_Gfuel,0.0
1715,SoftwareBroke,0.073375
1716,Sol-idSnake,0.036566667
1717,Soldier_Of_Dance,0.014281304
1718,Sollous-IV,-0.112175
1719,Solo-nite,-0.0622
1720,Solocaster1991,-0.03749
1721,Some-Author-8307,0.105375
1722,SomeBoricuaDude,-0.032842857
1723,Somescrub2,-0.27115
1724,Soulfalon27,0.031480952
1725,Soup303,0.346266667
1726,SourPatchAdults1,0.049288235
1727,Southpau,0.005883333
1728,SovietNumber,-0.014454545
1729,SpHD7489,0.5618396210000001
1730,Spare_Rate7191,0.063434286
1731,Spartan043-Will,-0.01377
1732,Sparusau01,0.0
1733,Spazbandicoot,0.0
1734,SpaztheGamer,-0.098666667
1735,Special-K-95,0.0
1736,SpectreFPS,0.006142857
1737,SpectreHCS,-0.040515385
1738,Speed212,-0.148
1739,SpencerM11,-0.039985714
1740,Sphrilix_Carnage1219,0.528066666
1741,Spicy-Tato1,0.2432825
1742,Spliffo420,-0.0817
1743,SporadicHonesty,0.0734
1744,Sprinkles276381,-0.03912963
1745,SpritKid,0.1806
1746,Spritecherry_13,0.0258
1747,SquidKnightXG,-0.022516667
1748,Srom,0.165996842
1749,Stageupp,0.0
1750,StandardVirus,0.0856099999999999
1751,Standard_Top7758,0.281
1752,Star301jester,0.05092381
1753,StaticElectrician,-0.001973214
1754,Stavsniper7,-0.133409091
1755,Stefan_DoesReddit,0.0
1756,StellarBossTobi,0.19724
1757,Stephan_esq,0.050930303
1758,SternLecture,0.039998063
1759,SteveB1901,0.0
1760,Steven_wjg03,0.0602
1761,Still-Shop-8566,-0.1733
1762,StillGalaxy99,0.10115
1763,StockWillingness2748,0.2083
1764,StonedPickleG59,0.08956
1765,StonkMangr92,-0.08808
1766,StopWhiningYouNerd,0.048233334
1767,StormWarVeteran,0.037621429
1768,Strambo,0.067433333
1769,StrangeVaultDweller,-0.113333333
1770,Strange_Rang3,0.1204
1771,Streamfest,0.04404
1772,Strolltheroll,-0.152933333
1773,SubWithRanch,-0.13430625
1774,Subgodpumpkin1,-0.00748
1775,Substantial-Ad-7376,-0.22834
1776,SubstantialAgency2,-0.008356522
1777,Substantial_Buy945,0.042285714
1778,Subtotalpoet,0.070766667
1779,Successful-Stock9969,0.0
1780,Sudi_Arabia,-0.116316667
1781,Sufferity,0.007244444
1782,Sugar_Warm,0.0
1783,Suicidalbutohwell,-0.047739097
1784,Suicidebob7,0.01255
1785,SunsetVenom,0.039907407
1786,SuperDogBoo,0.0
1787,SuperFlyRye1,0.0
1788,SuperPotatoThrow,0.004
1789,Super_Soldier_0305,-0.189016838
1790,Sure_Departure4738,0.0
1791,Surfer949,0.0
1792,SurgingWithPower,0.152933333
1793,SuttonTM,0.068029167
1794,SwagJuiceJae,0.033876923
1795,Swag_SurferDude,0.0
1796,SwaghettiYolonese_,0.076114286
1797,Swamp_Donkey_796,0.023257143
1798,SwanExpress5406,0.31245
1799,Swazzoo,-0.0587
1800,Sweet-Palpitation473,0.06364
1801,SweetDoris,0.1204
1802,Swimming_Gear9362,0.0
1803,Swinship,0.0
1804,Sychronizer1977,0.038811667
1805,SyedHRaza,0.0
1806,Sylercook,-0.190633333
1807,Synfaux,0.048375
1808,Sypticle,-0.10341
1809,T3ndoPain,0.0181
1810,TBtheGamer12,0.24365
1811,TF2HackerResistance,0.054930769
1812,THEESKELETONGOD,0.0
1813,THE_GUY-95,0.1858
1814,THE_JonnySolar,-0.09392138
1815,TICKLES-MY-TAINT,0.0084807689999999
1816,TITANURANUS_SEX,0.3286
1817,TPMatus,-0.226933333
1818,TRON510,-0.098666667
1819,TRethehedgehog_2,0.0
1820,TTV_TT_YT_KiLL3r,0.057978788
1821,T_Peg,0.09534
1822,Tacticl-,0.3178
1823,Tamanero,0.0787857139999999
1824,Tank_Dempsey2025,0.4215
1825,Tastalorex,-0.08635
1826,Taste_Fickle,-0.037163636
1827,TatoPotat,0.0070710909999999
1828,TattooedT3rmite,0.087783333
1829,TeaLower,-0.090383333
1830,Tedde400,0.0
1831,Tekk92,-0.102625
1832,TeknicolourYawn_,-0.100925
1833,Temporary-Book8635,0.0390166669999999
1834,Temporary-Emu6710,0.056809091
1835,TenaciousPix,-0.1672
1836,Tengku_JG,0.073226667
1837,Teroast,-0.0923
1838,Terrorknight141,0.111054545
1839,Thamasturrok,-0.005704545
1840,Thande-Papa_Lanat69,-0.13816
1841,ThasKindaGay,0.1691444439999999
1842,That-Hipster-Gal,-0.012483333
1843,That-one-guy-lp,0.09878
1844,ThatBoringHumanoid,-0.07655
1845,ThatGuyDely,-0.018121429
1846,ThatOneUpittyGuy,0.0
1847,That_Guy381,0.125884849
1848,ThatsPurttyGood101,0.043814286
1849,The-Filipino-Gamer,0.305866666
1850,The-real-human-ghost,0.053446667
1851,The99thCourier,0.159190278
1852,TheBOSS531,0.042293333
1853,TheChimpEvent2020,0.090509524
1854,TheClimax671,-0.187166667
1855,TheCoon69,0.0
1856,TheDangerSnek,0.0
1857,TheDaniXD115,-0.007885714
1858,TheDubuGuy,-0.044122222
1859,TheFlashOfLightning,0.0
1860,TheFuschiaIsNow,1.4188147628406282
1861,TheGreatFilth,0.0
1862,TheGreenGobblr,0.0
1863,TheHoIyCroissant,0.266146667
1864,TheKingTone,0.018469231
1865,TheLargestBite,0.098357143
1866,TheLittleGremlinMan,-0.048955
1867,TheMagicMush,0.0872666669999999
1868,TheMayorLord,-0.11718
1869,TheModdedOmega,0.040036364
1870,TheNerdWonder,0.058
1871,TheNotorious7113,-0.124875
1872,TheNullOfTheVoid,0.028586325
1873,TheOneRedditBoi,0.0
1874,TheOnyxViper,-0.0595875
1875,TheOriginalTopG,0.0139453249999999
1876,TheOsttle,0.043345833
1877,ThePassiveGamer,0.153422222
1878,ThePeacekeeper777,0.046606667
1879,ThePerfectPalico,0.0
1880,ThePhenomenal1999,0.205138772
1881,ThePixelatedPyro,0.08436
1882,TheRealDaddyPency,0.174835714
1883,TheRealReader1,-0.051275
1884,TheRealStevo,0.013834783
1885,TheRealvGuy,0.200428571
1886,TheRed24,0.030852941
1887,TheResurrectedOne,0.0
1888,TheRussianBear420,0.3406
1889,TheSerpentDeceiver,0.063581481
1890,TheSlowWagon,0.107455556
1891,TheSteanator-94,0.0
1892,TheStrikeofGod,-0.00564
1893,TheTalentedMrK,0.0407
1894,TheToughBubble,-0.0403526569999999
1895,TheUnholyDaniel,0.065914815
1896,TheWarlockk,0.0125
1897,TheWarschaupact,-0.296325
1898,TheWiseBeluga,0.236338659
1899,The_Chimeran_Hybrid,-0.06624959
1900,The_Dr_Said_Dank,0.11988
1901,The_Dromos,0.0995
1902,The_Illegal_Seagul,0.120328571
1903,The_Moonboy,-0.296
1904,The_RealWG,0.0
1905,The_Reclaimer_117,-0.010033333
1906,The_Stealthy_Nut,0.0
1907,The_sleeper_of_women,-0.283533334
1908,Thecableguy1807,0.4215
1909,TheeAJPowell,0.101445192
1910,Thefamousloner,0.0
1911,Thegiantclaw42069,0.079285714
1912,Theguywholikestea,0.031457143
1913,Then-Falcon-3798,0.07224
1914,These-Ad8460,0.016990909
1915,Thewaffleofoz,-0.230266667
1916,Thicc_stuff,0.12090193
1917,ThickRick1234,0.235358929
1918,Thirtyred,0.0903
1919,Thorncool,0.0
1920,ThrobbingWoody,-0.0862125
1921,Throwaway17273849583,-0.00815
1922,ThrustyMcStab,0.075611552
1923,Thunder_Gamer95,0.0
1924,Thunshot,0.0612149999999999
1925,ThurmanMerman_,0.074
1926,Tiger55K,0.0528
1927,TigerWoods6969,0.225279104
1928,Tiggara,0.075242857
1929,TimBobNelson,0.23323
1930,Timbishop123,0.31245
1931,Time_Effort,0.072000648
1932,Timelimey,-0.070557143
1933,Tincaninapan,-0.094545455
1934,TiposTaco,1.0559971671085522
1935,Tireseas,0.029368571
1936,TitaniuMan_44,0.280766667
1937,TjTheEpicOne,-0.024355
1938,ToastedMarshmell0w,-0.085628571
1939,Toastinette,-0.055836364
1940,Tonk101,0.028972727
1941,Tonoend,-0.114328756
1942,TooEZ_OL56,0.0
1943,TornadoGaming75,-0.012178788
1944,Tornado_Hunter24,0.0
1945,Torrent_You,0.0
1946,ToxicCoffee115,-0.003379592
1947,ToxicNoob47,0.0
1948,Tr4pZ_YT,-0.00115
1949,Tracer3646,-0.012978261
1950,TraderMitchh,-0.088322222
1951,Traditional-Exit8554,0.1276125
1952,Transitsystem,0.008712069
1953,Trax852,0.0
1954,Traylor_Swift,0.2123
1955,Trigon_XT,0.0
1956,Trinity302,0.0
1957,Trishiefishie_peach,0.0
1958,Troopr_Z,0.042285714
1959,TroyAndAbed05,0.109285715
1960,TrueAkagami,0.077915385
1961,TrueMight,-0.007446606
1962,TrustTrek,0.0
1963,TryhardHuskyufool,0.2263
1964,Turd-Assassin,0.0
1965,TurquoiseRose7,0.231428571
1966,Twhip620,0.0
1967,TwicesTrashBin,-0.067446667
1968,Twisteryx,0.156133684
1969,TwyJ,0.0802
1970,TypeAmen,0.012214286
1971,Typical-Addendum-968,-0.157366667
1972,TypicalAd3595,0.203466667
1973,Typical_Advice_6811,0.0
1974,UCKY0U,-0.054877778
1975,Ultimus_402,-0.389945852
1976,UltraBadWithMath,-0.00368
1977,Ulysses3,0.017407692
1978,Umbrella2k,0.040695811
1979,UmmmImBad,-0.16254
1980,UnForgivenFury,-0.1027
1981,UnfittedMermaid,0.03976383
1982,UnlimitedButts,0.0978375
1983,Unlost_maniac,0.8028017869999999
1984,UnstableParallel,0.0
1985,Unusual-Warthog-4606,0.0
1986,Unusual_Explorer931,-0.11148
1987,UrMomsAreMine,0.075426667
1988,Urkepro_YT16,0.0526875
1989,Used-Test-676,-0.1591
1990,UsedBee4306,-0.030045455
1991,UsedGamertag,0.0
1992,UselesOpinion,-0.08068647
1993,Usual-Librarian-3439,0.054822727
1994,UtterNonsensical,0.0
1995,UziiLondon1600,0.0
1996,V2sh1fty,0.03818
1997,V3rtigo44,0.063825
1998,VHboys,0.0734
1999,VJ1195,0.258751429
2000,VLenin2291,-0.047725
2001,V_Ghosts8448,0.0
2002,V_ROCK_501st,0.0
2003,VabloSama,0.0
2004,Vader2508,0.1953
2005,Vag7,0.0
2006,Vandal696,0.00234
2007,VariationAdmirable82,-0.0128375
2008,Vault-A,0.060493103
2009,VaultyBoi76,0.0
2010,Veeam21,0.055836364
2011,Vegetable-Pick734,-0.25
2012,Veggietuh,0.048933333
2013,Velociraptor451,0.112407692
2014,Venonomicon,0.0
2015,Veyrum,-0.053
2016,Victornf41108,0.093244444
2017,VincentVanFagoat,0.009776923
2018,VincentVanJ,0.0019
2019,Vinjince,0.0468468749999999
2020,Vinnie1222,-0.07945
2021,ViperBite308,0.039775
2022,Virtual-Ad-7198,0.040946667
2023,Virtual-Internal-324,0.0
2024,Virus_98,0.0781125
2025,Vivid_Ad_1340,0.09765
2026,Vladesku,0.015366667
2027,Vladtristan,-0.20095
2028,Void4GamesYT,0.0
2029,Vytlo,0.110973392
2030,WTATY,0.118184884
2031,WULFENMARK,0.2123
2032,WacoWizard_II,0.0406098909999999
2033,WalkTheDock,-0.036678014
2034,WallcroftTheGreen,-0.113466667
2035,WanPwr5990,0.015275
2036,Wannabang03,-0.0683
2037,Warfighter416,-0.03987
2038,WarlockEngineer,0.105671429
2039,WasCastroInvolved,-0.090914286
2040,Watchman74,0.31094
2041,Watergoood,0.0
2042,Waughy,0.031672973
2043,WealthAggressive8592,-0.180766667
2044,WeebPlayingCoDM,0.0129
2045,Weedalf,-0.0532125
2046,Weegee_SSB,-0.097688889
2047,Wehhass,0.04515
2048,WelcomeTheChase,0.103528571
2049,Wesk-Wildcard,0.070516667
2050,Weysting,-0.051033333
2051,What_The_Hell96,0.054490909
2052,Whats_Water,0.07224
2053,WhitePig76,0.0
2054,WhoGix_,0.44544
2055,WhoopsyToopsy,0.0
2056,WhosExsell,-0.005888462
2057,WhosPhantom,0.0
2058,WhosthatCanadian,0.0
2059,WhyYouEmo,-0.017130769
2060,Whyamionreddit003,0.005627273
2061,Wide-Lettuce-6630,0.068
2062,Wide_Teacher_9347,0.214114286
2063,Wild-Building-7405,0.1101
2064,WildNebula1810,0.0
2065,WildmanJayden29,0.0
2066,Will-Trademark,0.1702
2067,WillJoseph06,0.0602
2068,WilliamCCT,0.020020588
2069,WindowsXP5797,0.4215
2070,Winterdevil0503,-0.048741667
2071,WishingMeteorxx,-0.057366666
2072,WitcherRenteria,0.148
2073,Witty_Ad3608,0.139557143
2074,Witty_Storage3210,0.068
2075,Wizardpython,-0.08227
2076,WolfOfVerdun,0.136257948
2077,Wolvesinthestreet,-0.037
2078,WonderDolphin,0.0127
2079,WonderMan830,0.0
2080,WorldFox4775777,0.023
2081,Worldly_Yogurt6194,0.0
2082,WrathfulSausage,-0.051033333
2083,Wszebor,0.0
2084,WvterMelan,0.0
2085,Wyzinn,0.0
2086,X-man3,-0.038735714
2087,X2006_SubZero,-0.02157
2088,XC-XERZ,0.10985
2089,XIMOIX,0.087077778
2090,XRLboom,-0.06170625
2091,XThunderTrap,0.2294
2092,Xadeonreddit,-0.009376923
2093,XavierYourSavior,0.0324625
2094,XayeeX,0.024475084
2095,XboxFan_2020,0.0
2096,Xellios33,0.43959021
2097,Xenoslayer2137,0.0
2098,Xhelob,0.0
2099,Xill_K47,0.082771428
2100,XuX24,0.0001325689999999
2101,XxBEASTKILL342,0.0
2102,XxCaptainRagexX,-0.054542857
2103,Xx_Crazy1o1o_xX,0.0
2104,Xxslavman69420xX,-0.0929
2105,Y47-Chromosomes,0.0
2106,YEETMANdaMAN,-0.04097619
2107,YISOLOIY,-0.007188889
2108,Ya-boi-Benaboy,0.052434783
2109,YaBoiStreek,0.0
2110,YamahaLDrago,0.041884615
2111,YeahCallMeStevo,-0.058835294
2112,Yeehaw_Kat,0.0230237479999999
2113,Yeetnskeet013109,0.0
2114,YlpeaNyyppa,0.071154545
2115,Yo_Wats_Good,0.044545098
2116,Yoconn,0.010967742
2117,Yopapa291_real1,0.0516
2118,Yorkie321,0.131511806
2119,YouCouldBeBetter,0.0
2120,YourAverageJoe0,-0.126981667
2121,YourManJimbo,0.048825
2122,YourNeighbour,-0.0252375
2123,YumnJame,0.08765
2124,YupWaySheGoesBud,0.0
2125,Z0mb13S0ldier,0.027183333
2126,Z3KE_SK1,0.004953846
2127,Z3tex_YT,0.0
2128,Z_Overman,0.0
2129,Zacky2Wacky,0.13144
2130,ZakkaRooney,0.037466667
2131,ZavexPG3D,0.456933334
2132,Zealousideal-Ad-6527,-0.040036364
2133,Zealousideal-Egg2658,0.0
2134,Zealousideal-Self278,-0.1204
2135,ZedFraunce,0.036728571
2136,ZeninB,0.152423362
2137,Zequexium,0.077796667
2138,Zer0Her01,0.130616667
2139,ZeroLegionOfficial,0.084936364
2140,Zestyclose-Loan5552,-0.090383333
2141,Zestymonserellastick,0.036925532
2142,Zeusbmw24,0.048933333
2143,Zomb13_Slay3r,0.6369
2144,Zombieman12378,0.339879488
2145,Zombies_fanatatic,-0.28052381
2146,ZoootyFruity,0.6356096969999999
2147,ZootedFlaybish,-0.030966667
2148,Zou__,0.0
2149,Zouavest,0.0
2150,ZuppaSalata,0.0978375
2151,_Crack_Spider_,-0.006617391
2152,_JesTR_,0.0
2153,_Knucklehead_Ninja,0.0
2154,_MaZ_,0.0734
2155,_Menx,-0.03122
2156,_MrSt4rk_,0.1147
2157,_N_U_T,-0.049333333
2158,_PHX_QUADRA_,0.0
2159,_PeacefulGhost_,0.0
2160,_Reporting,0.198297436
2161,_Seij_,0.0
2162,_WaterDrop_,-0.089311111
2163,__Squidward___,-0.0714875
2164,____GHOSTPOOL____,0.0
2165,_exrio_,0.0602
2166,_how_do_i_reddit_,0.023416667
2167,_illnewminati,0.0
2168,aGrayDorito,-0.1047875
2169,aMassiveCodFan,0.0
2170,a_dude111,0.158033333
2171,a_random_furfag,0.121733333
2172,aberdisco,0.0
2173,aceq_1,0.296
2174,acoolrocket,0.062740909
2175,acre18,0.051033333
2176,activnick,0.0516
2177,adastra1826,0.006371053
2178,agentcheddo,0.0
2179,agentzune,-0.2553
2180,ahmad_stn,-0.049333333
2181,aidsbaby21,-0.0296
2182,ajamuso,0.105375
2183,ajl987,0.05366339
2184,akaDozer,0.0
2185,akaFxde,-0.05859
2186,alamarche709,0.0311469699999999
2187,alaskancurry,0.1836480959999999
2188,alberto2turt,-0.206366667
2189,aloks97,0.058133333
2190,alphaneon22,-0.119175
2191,alteredizzy1010,0.2102384139999999
2192,americanista8745,0.057486364
2193,ampersand85,0.0
2194,ampersand913,-0.106066667
2195,amycakey86,-0.000558824
2196,anNPC,-0.1670805199999999
2197,analbac,0.461721449
2198,anderson1496,0.22746
2199,andreajs354,0.0
2200,andrew_wessel,0.0
2201,andrzslim,-0.002592857
2202,andyc3020,0.0
2203,angrylawyer,0.01255
2204,animeist16,0.080266667
2205,annomynous23,0.3150199999999999
2206,anti_ff7r,0.0
2207,apolobgod,0.060214286
2208,apple_ketchup,0.2460875
2209,archangel147,0.079992308
2210,archra,0.0
2211,ariescs,0.12264
2212,asdfghjkl149,0.226577778
2213,auschlitz1018,0.06805
2214,autistic__guitar,0.1405
2215,azsqueeze,-0.0258
2216,b1n4ry01,0.0
2217,b2damaxx,0.0
2218,badgersana,-0.120511111
2219,badlands921,-0.00516
2220,ballstothewallsby,0.0
2221,bananagit,0.044129167
2222,barisax9,0.2997
2223,basshuffler09,0.1314117649999999
2224,batm123,0.035516667
2225,battleshipdriver1,0.042313953
2226,baxy67,0.07486
2227,bb250517,0.24995098
2228,bdon_hudz,0.12738
2229,beaanim_,0.114192308
2230,beanzer6000,-0.296
2231,beastmodegamer13-ttv,0.051885714
2232,bedofnaiils,0.0
2233,bellboy718,0.0
2234,benbishop98,-0.044820833
2235,benjamincraigrowley,0.0502375
2236,bensleton,0.066983333
2237,bewgzstar,0.0
2238,bigbrooklynlou,0.0
2239,biggggmac,0.0737333329999999
2240,biggiecheese0962,0.0
2241,billie-eilish-tampon,0.07687619
2242,bionicmoonman,-0.002947619
2243,birkinbagdaddy,0.0
2244,bjbgamer,0.0282875
2245,bjmartynhak,-0.0036375
2246,bladedancer4life,0.0
2247,bleachbum98,0.04019
2248,bleachmy-eyes,0.0
2249,bleezy_47,-0.044609091
2250,blues4thecup,0.011028571
2251,bluetable88,-0.05859
2252,bmalbert81,0.0
2253,bman_243,0.040133333
2254,bmathew5,0.0
2255,boboelmonkey,-0.010333333
2256,bonemech_meatsuit,1.199903890440713
2257,boomheadshot7,0.08926875
2258,boomheadshotseven,-0.001982857
2259,booozle93,0.02984359
2260,bradd_91,-0.008775
2261,brainbank786,-0.0733
2262,brainc0nfetti,0.0
2263,brandnewk,0.182375
2264,brizla18,0.034
2265,bruhquip,-0.018285714
2266,bruntychiefty,0.0
2267,brycii_,0.051219444
2268,bryiewes,0.1297408159999999
2269,bryty93,0.272243738
2270,bscags,-0.230266667
2271,bu22dee,-0.0115
2272,bucky_braden,0.2202
2273,bullet_train10,0.0
2274,buymymeth,0.160372919
2275,bzawk,-0.043975
2276,c666meron,-0.225366667
2277,caelis76,0.1052
2278,camiam_01,-0.112652762
2279,canianallyrapeyou,0.0
2280,cannotstopdabbing,-0.051033333
2281,capitlj,-0.0117
2282,cerealbro1,0.099833279
2283,chaincj,-0.006846667
2284,chazzledazzle10,0.0
2285,cheekibreeki_kid,0.4019
2286,chefnator97,-0.021221839
2287,chicharron123,0.0
2288,chixnsix,0.06582
2289,chominnji99,0.26335
2290,chriislmaoo,0.255225
2291,chris-_-topher_-_,0.01544
2292,chris1096,-0.10491
2293,chrisaf69,-0.0138
2294,chrisgreely1999,0.040133333
2295,christiancook6756756,0.016145098
2296,chrisupt2001,0.0
2297,chtochingo,0.0
2298,chubss123,0.0796125
2299,chum_slice,0.239172727
2300,chupapi_BOI,0.0
2301,cipher_rdt,-0.042187037
2302,cleoindiana,0.0
2303,climaxingwalrus,-0.152933333
2304,cmaster1234,0.129288889
2305,cnyfury,0.114592222
2306,coachlentz,0.0
2307,cod069,0.07025
2308,cofiddle,-0.15574
2309,coltanstefan1312,0.0
2310,con247,0.4163624999999999
2311,connor24_22,0.108785714
2312,controlled-rage,-0.009294118
2313,convolutedCockRing,0.0796125
2314,cook-and-bell,0.0
2315,cookieman961,0.0
2316,coolethan_117,-0.014666667
2317,coolhooves420,0.26045
2318,cpetit23,-0.0677875
2319,craftycannible,0.1591
2320,crazyman3561,0.03800625
2321,creepy-uncle-chad,-0.125466511
2322,creetic,0.053033333
2323,crimgeunfunny,0.090985714
2324,crimsoncaravanguy,-0.039392308
2325,cringey-reddit-name,-0.01445
2326,criski07_YT,-0.025414286
2327,critlvcritlvcritlv,0.03537
2328,cronic369,-0.00312
2329,crushinit2,0.0
2330,crymorenoobs,0.253214498
2331,cryptowhale19,0.035710526
2332,curryturtle,0.0
2333,cy1999aek_maik,0.0
2334,czacha_cs,-0.008607407
2335,dabs4kebabs,0.0
2336,dahveeth,0.095077778
2337,dakk33,0.0172
2338,dankavanagh77,0.0
2339,dannymira,0.048759524
2340,dantebutmotivated,-0.009653846
2341,danyaylol,0.004988571
2342,dapenguin15,0.065542857
2343,dark-_-thoughts,0.019947826
2344,darkness740,-0.106109091
2345,darkwither14694,0.0
2346,darth__anakin,0.022199778
2347,datb0yavi,0.036536364
2348,datboi38463,0.0516
2349,davonas,0.0406
2350,dawatzerz,-0.102810417
2351,daymarEngel,0.111277778
2352,dcloko,-0.03062
2353,dduckets087,0.033101973
2354,de_William,0.040036364
2355,deadboi_chavez,-0.0031816179999999
2356,deadlyruckas,-0.01308
2357,deadparodox,0.012030769
2358,deadrunner1991,-0.085628571
2359,deadtvreviews,2.593735543789544
2360,deathr3aper633,-0.082771429
2361,dedicatedoni,0.168277778
2362,deeznutzateon,0.019172728
2363,defensife343,0.0
2364,deioncooke_,-0.0595875
2365,dempceysBIGballs,-0.174311111
2366,denierCZ,1.1338177647670222
2367,desertshark6969,0.1204
2368,deskbunny,0.046046667
2369,det3ct,-0.03612
2370,detained_,0.0
2371,devon223,-0.014671429
2372,dexter_048,0.05267
2373,didnthinkofaname,-0.053
2374,djhell26,-0.296
2375,domithicc,0.10352
2376,doomknight117,0.2202
2377,dopinder9865,0.132689333
2378,dourob14,0.0
2379,downvotemydumbass,0.2263
2380,doworksmm,-0.1749
2381,drained_vamp,0.072942857
2382,drcubeftw,0.057320471
2383,drexcarratala12,0.117142857
2384,drunk_pacifist,0.0
2385,drunkhobbo420,-0.017071429
2386,dsb007,1.6050367570337871
2387,dtbrown1979,0.299733333
2388,duclens,0.0
2389,dudedudetx,0.5267
2390,dudefromthepast3,0.0734
2391,dukezap1,-0.0385727269999999
2392,dumbthiccrick,-0.011391667
2393,dunzy12,0.0
2394,dustyaff,-0.003988889
2395,dustykangaroo06,-0.0289
2396,dylan15kansascity,0.133966667
2397,dylgonzo23,0.075242857
2398,dylonz,-0.0965875
2399,dylrhy,0.0
2400,e40water193,0.016986486
2401,eastern_shoreman,0.003225
2402,eat-KFC-all-day,-0.053033333
2403,eddie-1233,-0.4019
2404,edelgardian,1.004840575
2405,el_beano_burrito,0.0449
2406,el_toro_grand,-0.04275
2407,elchapothe3rd,0.0
2408,elonmuskraty,0.0
2409,elquanto,0.0
2410,emanuel_a,0.0
2411,emil_beltramba,0.1109
2412,emptyboxes20,-0.027322222
2413,endershifter,0.017463158
2414,equalsolstice,0.200905007
2415,erricson_hit_us,0.159225
2416,escott244,0.156225
2417,eternal_existence1,0.091305555
2418,etm_taylor,0.0
2419,evan19994,0.2553
2420,everyusernameisgonel,-0.003644444
2421,exodia0715,-0.044042407
2422,eynonpower,0.005422
2423,ezindigo,0.126842857
2424,f0xr0,0.0
2425,f1nessd,0.0
2426,fakeplasticguns,-0.06705
2427,familiarfac,0.0
2428,farleymfmarley,0.0
2429,fastlane218,-0.013
2430,fetishprincessc,-0.02634375
2431,fhb_will,0.399508525
2432,fiflak77,0.0
2433,finalraddose1,-0.0195
2434,fingerpaintswithpoop,0.101122222
2435,flamefox88,0.073233333
2436,flaminmonke,0.0
2437,fleeboiswagyolo,0.0
2438,flyguy_21,0.005066667
2439,fmcd97,0.0
2440,foofis444,-0.1147
2441,foolishchicho,0.101042857
2442,forhonorbutsitsfun,-0.027777778
2443,fornair,-0.032148485
2444,fubaguy,0.062914286
2445,fucknuts3,0.014686111
2446,funee1,0.0877
2447,funhaus2000,0.016104231
2448,furioe,0.0
2449,furrynutz,0.1366
2450,fuuiuuuck,-0.047008096
2451,fuzionknight96,-0.02091087
2452,galal552002,8.720999999999729e-06
2453,gamer-and-furry,0.0
2454,gamingyoshi247,-0.016966667
2455,gary_desanto,-0.032788235
2456,gasamove,0.001234482
2457,gayyyyyy666,-0.085628571
2458,gblandro,0.026153846
2459,gebickidex,0.0
2460,genericfucboi,0.08895
2461,genghisKonczie,0.020327907
2462,ggMystt,0.027888888
2463,ggRezy,0.0602
2464,giincee,-0.1909
2465,gimmeusernamebruh,0.05059697
2466,ginger2020,0.0
2467,gio_eee_1029,-0.073090909
2468,gk99,0.0035270209999999
2469,glitchmasterYT,-0.010774138
2470,gmoney677,-0.037676923
2471,goalie_monkey,0.0318
2472,godsim42,-0.014878571
2473,googi14,0.1021333329999999
2474,goostrum,-0.5106
2475,gopnik74,0.0
2476,graphiterosco,-0.148
2477,grcopel,0.05628
2478,greasybarbarian69,0.0
2479,greatmonster007,0.24695
2480,gregshucks,0.048571429
2481,gurganos,0.13045
2482,gurshboi,0.010295385
2483,guybranciforti,0.0084
2484,ha_i_dont_think_so,0.091588235
2485,haaawaiianz,0.0
2486,hadimkm00,-0.142962745
2487,hailteamore7,0.281769231
2488,hamza1141,0.0
2489,happybaby00,-0.243316667
2490,happychillin3,0.031816667
2491,hardcorpardcor1,0.055745455
2492,heydataa,0.000434615
2493,heyuhitsyaboi,0.231475
2494,hifi3xx,0.063335135
2495,hitavakrayi,-0.03975
2496,hkfortyrevan,0.03114375
2497,hollandsquirtlesquad,0.0
2498,hollow42,0.054444444
2499,hollywoodcrap67,0.2294
2500,hotstuff42o,-0.040416667
2501,hsjdjdsjjs,0.004068497
2502,huggothebear,0.077911111
2503,hugh_jas,0.001592105
2504,humbuckaroo,-0.06705
2505,hundredjono,-0.129704545
2506,hydra877,0.0
2507,hypermelonpuff,0.034497449
2508,i-got-a-jar-of-rum,-0.007439189
2509,i-want-die-thx,0.0
2510,iChieftain,0.0
2511,iCthe4,0.0
2512,iDomBMX,-0.11988
2513,iM-iMport,0.202882537
2514,iRekkzy,-0.0734
2515,i_eat_to_much_food,0.051033333
2516,i_like_lasanga,0.056666667
2517,i_photo_sims,0.045457143
2518,iainb78,-0.000642857
2519,iamawii,-0.06486
2520,iamblackwhite,0.0
2521,iamdeparthib,0.0
2522,iaminpain0-0,0.0
2523,ibleedsarcasim,0.0
2524,iceRainCloud_YT,0.009789744
2525,iceleel,-0.21994
2526,iceman1125,-0.098666666
2527,icodeusingmybutt,0.0
2528,idiotcuphead,0.0
2529,ihaZtaco,0.062914286
2530,ihate360,-0.0636
2531,iiMERLIN,-0.1335
2532,iiTzEmerald,0.022477778
2533,iim_Mazz,-0.06816
2534,ilikedatunahere,-0.011238889
2535,illegal_eagle88,0.0
2536,ilovefloppa,0.038205556
2537,im_intj,0.10195
2538,im_u_u,0.133144444
2539,imaQuiliamQuil,-0.0999
2540,imsonicthehedhog12,-0.4909511111111111
2541,infinite_sponge,0.007028571
2542,innocent-boy-69,0.030191304
2543,intensely_human,0.16522
2544,intothefire33,0.07224
2545,investor-weezy,0.0
2546,ipoopup,-0.1589
2547,irishfisherkush,0.0129
2548,ironbrianESQ,0.23272
2549,irv916,0.091066667
2550,isWolfz,0.127905494
2551,itsDRZH,0.0734
2552,itzRealzBoyz0,3.14681503968254
2553,ivanvrg,0.1405
2554,iwantParktotopme,-0.187660257
2555,ixanityi,-0.017234146
2556,j3qnmp,0.032836364
2557,jackhawk117,0.1012975
2558,jacksepiceye2,0.143547287
2559,jacktancrell,0.03980625
2560,jaelking,0.026704348
2561,jakecoleman,0.0030050719999999
2562,jallee1213,0.0804236419999999
2563,jandydand,0.054518605
2564,jaoool,0.0076
2565,jared20150,0.426666666
2566,jdabXO,-0.12847
2567,jdubbrude,0.046418182
2568,jeffery6996,0.0
2569,jespertherapper,-0.053857895
2570,jholman55,0.0965
2571,jimmy5011,-0.036153333
2572,jimpdaddy,-0.017083333
2573,jinnyjonny,0.387876924
2574,jiujitsucam,0.0
2575,jmange1227,-0.00468
2576,jmora13,-0.050672727
2577,jms209,0.041217647
2578,john_longdong,0.0
2579,johnjohnsonton,-0.082618182
2580,johnnycobbler,0.060214286
2581,johnnyt12312,0.044381818
2582,jokr77,-0.025686667
2583,jonacraft7,-0.159257143
2584,jonny_knowles9320,0.014721429
2585,josec001,-0.074
2586,jrjh1997,0.007166667
2587,jstobs3982,0.07025
2588,jtrom93,-0.026388
2589,jubuss,-0.077471429
2590,julysniperx,0.0
2591,just_an_gamer24680,0.0
2592,just_mark,0.00485
2593,justguy7474747,0.0
2594,justins109,-0.014882353
2595,justuswendell,0.0
2596,jwaters0122,-0.0666
2597,kaizarimperatrix,-0.007617381
2598,kaotikmindz,0.4019
2599,karljh,0.0386
2600,kaytaro,0.0
2601,kcraybeck,0.063976742
2602,kebab69666,0.0
2603,keelasher,0.12738
2604,kek_Pyro,0.027784615
2605,kidrockit,0.21522
2606,kingSolev,0.112005037
2607,kinghawkeye8238,0.056708333
2608,kingosanopp,0.1503
2609,kirii7,0.082707143
2610,kitsheaven,0.0
2611,knightrider2993,-0.148
2612,koufiosalami,0.0
2613,kurisu_trash,0.5267
2614,kvdre__,0.0
2615,kvsMAIA,0.0805
2616,kwc04,0.069541111
2617,ky-neo,0.07224
2618,kyshomoulingi,0.026153846
2619,lNuggyl,0.093548333
2620,lakeshowyoo,0.031266667
2621,lalo254917,0.065542857
2622,lalorangel,0.25456
2623,le-battleaxe,-0.075295907
2624,leafnbagurmom,0.08092
2625,lebronsballs,0.1831
2626,levismegabitch,0.1101
2627,lfenske,0.0196
2628,liamkraft2002,-0.00319375
2629,lifeleecher,0.028519335
2630,lightcaedus,-0.002592857
2631,lil_biscuit55,-0.19068
2632,lilcreepy425,0.010233333
2633,lizard_man501,0.0
2634,lloydananlbull,-0.095044444
2635,loganpod,0.0
2636,loneblustranger,0.0
2637,longdongopinionwrong,0.026173684
2638,lookiedookie,0.006277273
2639,lookitsafish,0.0
2640,lord_mayonaise,0.0
2641,lordfappington69,-0.06364
2642,lotziko25,0.0
2643,lpadilla3,-0.013451852
2644,lrze98,-0.039455556
2645,lucastheawesome11,0.01223077
2646,lucky-pakke,-0.032888889
2647,luisstrikesout,0.0
2648,lunardart,0.018976667
2649,lxndrlk,0.0
2650,lyorcohen,-0.1397
2651,m2niles,0.0
2652,mac4112,0.321599166
2653,macpumperkinz,0.1468
2654,mad_dj_cod,0.0
2655,madchickenz,0.049836667
2656,made4thisquestion,0.0
2657,magik_koopa990,0.0
2658,maharg79,0.0185
2659,maidenHELL6669,-0.04926
2660,malevolentdemon,0.0
2661,mambakobe8,0.1702
2662,mangledpenguin,-0.0778903849999999
2663,mangofett420,0.018
2664,manok2299,0.025094318
2665,mapleisnotamicrowave,0.0
2666,massive_douchebag_30,-0.05282
2667,matreddit1995,-0.051033333
2668,matson_95,0.011564103
2669,mattb_186,0.049125806
2670,matthewphillip,0.0
2671,maverick__singh,0.042285714
2672,maxipantschocolates,-0.077635
2673,maybeitzmadz,0.05746
2674,mc_gonzo_,-0.159225
2675,mcdonalds_baconater,0.0
2676,mcqueen424,-0.046741667
2677,mcwalter93,-0.231775
2678,medicbagfrompayday,0.10653
2679,memedylan,-0.123475
2680,memeshoper2828,0.1762304519999999
2681,menieb,-0.142975
2682,meow_hooman,0.023417857
2683,micho6,0.28475
2684,mickfad,0.0
2685,mikedob18,0.017121875
2686,mikemonster311,0.017463077
2687,mikesweeney,0.077559259
2688,mikeyyyyyd,0.0149
2689,mileskevin,0.0
2690,milk-drinker-69,-0.180766667
2691,milkCarneAsada,-0.056575
2692,milney327,0.3434508101054924
2693,miniladds-clone,0.011910526
2694,mintchoco9,0.018636842
2695,mistah_pigeon_69,0.055184
2696,mistcurve,0.050575
2697,misterchief10,0.037
2698,mitch8017,0.053121429
2699,mitch8893,0.0
2700,mitchhacker,0.00575
2701,mizdavilly,0.054542857
2702,mjbmitch,0.0
2703,modernww2fare,-0.02997
2704,moenchsbraeu,0.163092064
2705,mohmar2010,0.025555556
2706,monkeydbenne,0.0
2707,moonski,-0.100531579
2708,mordechie,0.26335
2709,mother_goose_caboose,0.0
2710,motleyfamily,-0.014010256
2711,motorwagon,-0.1591
2712,mrarbitersir,0.029735714
2713,mrboombastic04,-0.14042
2714,mrchicano209,0.152185714
2715,mriv15,-0.008012121
2716,msolak078,-0.19068
2717,mumaume,0.206786667
2718,mumthatsmyphone,0.066144444
2719,municinvestigator,0.0
2720,mvasio,0.030802941
2721,mxtch98,-0.106066667
2722,mynameiskiru,0.0
2723,nWord06,-0.390433333
2724,narfidy,0.08492
2725,nerddddd42,0.116364
2726,nervouswhenitseasy,-0.016494444
2727,nevetando,0.01648
2728,new-redditor360,0.0
2729,nicisdeadpool,0.01005
2730,nick_San96,0.1137625
2731,nicomiki,0.0
2732,niconico44,0.0
2733,nikhil15595,0.1405
2734,noaahh3223,-0.070666667
2735,normalpills,0.0
2736,norway642,0.07364
2737,notVeno,-0.00985
2738,noturnormalredditor,0.0
2739,nousernamejustbc,0.08344
2740,novahhreddit,0.400872442
2741,ntrealnvrwas,0.168866667
2742,nukesmb,0.0
2743,nut_everywhere,0.039747424
2744,nvermindme,0.0
2745,nylxnder,0.0
2746,oGrievous,0.0952818179999999
2747,oOoChromeoOo,0.0
2748,oXI_ENIGMAZ_IXo,0.00068125
2749,oceansmix,0.0
2750,of_mice_and_nick,0.058952941
2751,ohnoalex_,0.0
2752,okbyden,-0.155883333
2753,olly993,0.051329412
2754,omdrik,0.0
2755,oof_is_off_backwards,0.103227273
2756,oofynoob1244,-0.20095
2757,organizedRhyme,0.0
2758,orphan_clubber,-0.043497744
2759,osezza,0.0
2760,otaku_sense1,0.0
2761,otterpaws27,0.050161667
2762,oxanonthelocs,0.281633333
2763,oxenvibe,-0.016777778
2764,oxidized-bread,-0.039742857
2765,oyelrak,0.0
2766,p1nkm4n_,-0.0302736612593756
2767,paddchy,0.365209645795175
2768,painfulbunny__,0.187066667
2769,pankakke_,0.127337778
2770,paperkutchy,0.0
2771,paranormalintrovert,0.229275
2772,patriotraitor,-0.00635
2773,paul_thebuffbaby,-0.135575
2774,pepemalupet,0.246628571
2775,ph4tgg,0.0851
2776,philakane,0.058522222
2777,phoenixlmfao,0.0
2778,phstaudt,0.4767
2779,phyisck,0.051011529
2780,pickleFISHman,0.043963462
2781,pie_nap_pull,0.0
2782,pikachu_tail,0.050575
2783,pillsbury_flowboy,-0.03612
2784,pineapple-n-man,0.2851031559999999
2785,pinkMist25,-0.01726
2786,pitchoun3,0.040563636
2787,pivorock,0.02459
2788,pixelvester,0.037808333
2789,pizzalover2013,-0.1101
2790,pls_dont_bann_me,0.003364286
2791,poklane,0.055302119
2792,pollitogaming_,0.1702
2793,poorchoiceofword,0.0
2794,popob_cz,0.4806272719999999
2795,post_holer,0.0
2796,pourfsy,0.0
2797,predator717,0.040036364
2798,pricesturgidtache,0.078271212
2799,pro1961,0.4019
2800,protacm,0.0
2801,prowdpapa,0.0622875
2802,psufan5,-0.06403125
2803,pugalugarug,-0.028137037
2804,qhurtz,0.12927
2805,quinnby1995,0.007314085
2806,r3eeeeeeeeeees,0.0
2807,raging_hewedr147,0.0
2808,ragingseaturtle,-0.064811607
2809,raisimo,0.0
2810,rakijarokeee,-0.115133333
2811,rampageT0asterr,0.013975
2812,rando646,0.0
2813,random_guyman,0.019230769
2814,randomaccount4864,-0.0296
2815,ravathiel,-0.297333334
2816,rawlwear,0.024541176
2817,rcjhgoKU_11,0.130125
2818,realestbenshapiro,-0.034952
2819,realxShughart,0.023178947
2820,reaperXD024,0.1468
2821,redder_dominator,0.027777778
2822,reddit_hayden,0.0
2823,redhawk617,0.0
2824,rednick953,0.0
2825,reevoknows,0.338633535
2826,rgeu7382i,0.035521429
2827,rhys7wyatt,0.0734
2828,riotmanful,-0.035355556
2829,rivbai88,0.06145625
2830,robbioli40,0.0
2831,robz9,0.050766667
2832,rocketbob7,-0.148
2833,rod_strongo,-0.100311111
2834,rodudero,0.129182353
2835,ronald-raygun458,-0.241333333
2836,root_0f_all_cause,0.0368
2837,rosamelano777,0.048493939
2838,rslashpolaroid,-0.30895
2839,ruho6000,0.0827061909999999
2840,ryangw1982,0.0
2841,ryland52586,-0.16132
2842,sabrad251,0.0
2843,saeduce,-0.1589
2844,sahaidachny1337,0.045373529
2845,saltyfuck111,0.0
2846,samson778260,0.0
2847,sandykun9,0.082736364
2848,sanyals300,0.07224
2849,sasuke_amaterasu,0.0
2850,savemoney_god,0.0
2851,savevideobot,0.0
2852,scarecrow9281,-0.020803846
2853,schwartzchild76,0.0482966669999999
2854,scottsummerstheyouth,0.061078571
2855,scpdw,-0.05135
2856,sdotmb00,-0.03062
2857,sealteamruggs,-0.09176
2858,sened11,0.03344
2859,seniairam,0.050977778
2860,sethsticulars,0.0
2861,shaggywan,0.0
2862,shairo98,0.153016667
2863,shaneskate88,0.024034615
2864,shangula,0.0843
2865,shirdool,0.05464
2866,shitladder,0.43135
2867,shortstop803,0.12765
2868,shotokan44,0.0
2869,showtime15daking23,0.0
2870,shyguysombero,-0.04526
2871,signguyez,0.04515
2872,siikdUde,-0.061968487
2873,sinisterdeer3,0.089333333
2874,sirslender2772,-0.1909
2875,skeletron27,0.048694737
2876,skrillex_27,0.0
2877,skynet_666,-0.031457143
2878,slayer-x,-0.027146667
2879,sniper464,0.156225
2880,snrub742,0.038582353
2881,softredina,0.0
2882,some-swimming-dude,-0.9878
2883,some_half_asian,-0.098666667
2884,someoneSuperBad,0.048282759
2885,something3574,0.0
2886,somsone,0.021541667
2887,sornia760,1.4884463750941943
2888,sorryaboutyourbarn,-0.021121212
2889,sotiras2020,0.2202
2890,souhjae,0.0
2891,spacepeenuts,0.031872727
2892,spaghetti012,0.190775
2893,spawninlumby,0.112516667
2894,spectrals_mods,0.0
2895,spikeorb,0.138517726
2896,splashwutudo,0.0
2897,spotsthefirst,0.0
2898,spzm,-0.038275
2899,squished_frog,-0.025733333
2900,sr603,-0.030653077
2901,ssick92,0.018308333
2902,starch12313,0.0938077379999999
2903,stayathmdad,0.025066667
2904,steasey,-0.038758333
2905,steel_fist_14,0.0
2906,stefan771,0.07224
2907,stevehaynes,-0.27115
2908,stirling1995,0.024685714
2909,str8-shot,0.5267
2910,strontiummuffin,0.2123
2911,subavgredditposter,0.050977778
2912,subtothatdogeguy,-0.067271429
2913,suckmypppapi,-0.038275
2914,suicideking72,0.170095299
2915,sunjay140,0.090546063
2916,sunny_ughs,0.037793767
2917,sunqiller,0.04215
2918,survivalhunter695,0.0795
2919,swampywinter,0.1101
2920,sweedish_phish56,-0.20165
2921,synthetic9,-0.044475
2922,t0pshagg3r,0.172555556
2923,t2guns,0.07955
2924,t_will_official,0.019069767
2925,tachakas_fanboy,0.039177273
2926,takedashingen01,0.07955
2927,techmakerdb,0.040132308
2928,teemodidntdieforthis,-0.091027273
2929,tgejesse,-0.051576923
2930,that-hollie,0.166824
2931,that1dragonreddit,0.0
2932,thatbearguy2202,0.032787879
2933,the_3-14_is_a_lie,-0.0502375
2934,the_cardfather,-0.0425
2935,the_dude0110,0.0
2936,thebaunehunter,0.0
2937,thebikefanatic,0.1366
2938,thedylannorwood,0.120122182
2939,thefame21,-0.032281818
2940,thegodsson,0.0
2941,theguyfromeuropa,0.0
2942,theirishninja888,0.12765
2943,thekittiestitties00,0.0
2944,themastermind6,0.056666667
2945,theofficialblazedark,0.111675
2946,thepeakofhumanity,0.1909
2947,thermos_head,0.0
2948,therockstarbarber,0.0
2949,theroyalgeek86,-0.21075
2950,theslugtamer,-0.03178
2951,thesqaure,-0.098666667
2952,thetato69,0.1806
2953,thetitjuggler,-0.052375
2954,thevengeance,0.017025
2955,thewillabay,0.076466667
2956,theycallhimmason,-0.14548
2957,thilkerbaumer,-0.119175
2958,thorppeed,0.12466
2959,thriftyvulture,-0.1015
2960,throwaway10292010190,-0.105985714
2961,throwaway827492959,-0.067033333
2962,throwie66642069,0.0
2963,thunderj9,-0.23835
2964,timmeedski,0.00393
2965,timo-el-supremo,0.0
2966,timotimtimz,0.040805714
2967,tiron84,-0.01026
2968,tjcervi,0.2997
2969,tl27Rex,0.02858
2970,tmh95,0.022205882
2971,tom771,-0.020827273
2972,tommydorito_,0.9327406956565006
2973,tonyv6815,-0.071515
2974,top-chopa,0.0
2975,toryguns,0.0
2976,tracyxoc1,1.1148
2977,traw056,0.138536565
2978,tripsicks_,0.5267
2979,trjumpet,0.0
2980,truefakexvi,0.0
2981,tryhdleo_-,-0.025675
2982,ts_m4,0.07025
2983,tsubasaplayer16,-0.038275
2984,turbosteve1848,0.088738235
2985,turtleturtlerandy,0.022666667
2986,twohundredmikes,0.0
2987,u857,0.0386
2988,ubermenschies,-0.057566667
2989,ulyssesintothepast,0.10957
2990,unarox,0.052966667
2991,unconventional_gamer,0.0
2992,unknownalias12,0.060370588
2993,unnamedhunter,-0.064277778
2994,unseennseraph,0.0
2995,unwrappedfitness,0.206103633
2996,urbdaniel86,0.036460606
2997,urru4,-0.0066190469999999
2998,urthaworst,0.032628571
2999,user11544569,-0.026107692
3000,user_ivan01,0.090654545
3001,uumopapsidn,0.0
3002,vakama885,0.054647368
3003,varangian_guards,0.033970492
3004,vbsbazooka,0.035125
3005,venom_dP,0.00685
3006,viktor042,0.2202
3007,vo1donfn,0.0515875
3008,voidlupusofficial,0.077961111
3009,vulgrin,0.0
3010,vxgq,0.381266666
3011,w7lves,0.041944444
3012,wafflezcol,-0.0407875
3013,wambell03,0.045533333
3014,warichnochnie,0.062141667
3015,wasdToWalk,-0.0502375
3016,wasteofskin11111,0.03426
3017,wavs101,-0.12765
3018,wayward_shadow,0.0
3019,weegeetheman,0.224878571
3020,weekendroady,0.015086667
3021,weekzSNL,-0.05106
3022,whatisausername32,0.0
3023,whatsgoingonjeez,0.029164286
3024,whitemancankindajump,-0.066983333
3025,whoisalireza,-0.066005
3026,whomstd-ve,-0.153772727
3027,whyisna,0.156029524
3028,wigga245,-0.023833333
3029,williamfanjr,-0.050672727
3030,willvsworld,-0.010834583
3031,wise_skeptic,-0.016304167
3032,withthedraco,-0.015916667
3033,wizward64,-0.007523077
3034,wizzyULTIMATEbreed,-0.050812195
3035,wokeambitionz,0.053033333
3036,workedSilly,-0.043825
3037,worldwar2nerd280,0.098666667
3038,wrufus680,0.0
3039,xBURROx,-0.018128571
3040,xCallMeBigJuicy,0.0
3041,xDermo,0.0317
3042,xEightyHD,0.1340666669999999
3043,xFblthpx,0.049454545
3044,xFinman,-0.02965
3045,xGeuss,0.0
3046,xKommandant,-0.082316667
3047,xLedzep,0.0367
3048,xLordOfDeath,0.2553
3049,xMadruguinha,0.017352941
3050,xMasterless,0.07266087
3051,xRiiZe,-0.0592
3052,xRivalz-,0.1346625
3053,xSuperiorSpider-man,-0.00878
3054,xSuperwaffe,0.0
3055,xTheLeprechaun,-0.083333333
3056,xXLilUberEatsXx,0.1204
3057,xXRoachXx789,0.574704194
3058,xXStretcHXx117,0.032215385
3059,xXheil_Pokywan420_Xx,0.027905556
3060,xXshadowbirdXx,0.05738
3061,x_Reign,-0.001153869
3062,x_iTz_iLL_420,0.04588
3063,x_scion_x,-0.015439583
3064,xcCrazy_Diamond,0.070557143
3065,xdpxxdpx,0.229475
3066,xenmityx,0.171251
3067,xeno_cws,0.070766667
3068,yMONSTERMUNCHy,0.0201648079999999
3069,yashspartan,-0.017011111
3070,yeeees4322,-0.1005091449999999
3071,yeetboijones,-0.03389375
3072,yeettto,0.0
3073,yeezysZn720,-0.006906667
3074,yhm9,0.06811
3075,yosark,-0.175851613
3076,youngst_gamer,0.068422059
3077,yourmomsfatdog,-0.1591
3078,youssefsg2710,0.2202
3079,yp261,-0.003998214
3080,yungdelorean,-0.028927273
3081,yz2996,0.21075
3082,zRamses,0.0
3083,z_Legendary_z,-0.0184
3084,zachswartz3,0.0
3085,zombiefan1220,0.102563458
3086,AccountantNatural550,-0.8951878921568628
3087,Cyrax_312,0.9744128174603176
3088,Ethanbrocks,0.5774144858879562
3089,Headb00m,-1.3180869495434504
3090,Inner_shadower0,0.6922076545308836
3091,ItsApplesandOranges,0.0072831168831168
3092,Joudeh_1996,-0.9055170057720056
3093,KoolKbeludo,2.6866914102564103
3094,MadrasMoney,-0.2877740476190476
3095,Megumi_Bandicoot,0.2679099539170507
3096,Memesvonberkay,0.8099514492753623
3097,Onetimeguy8,0.7933746210540149
3098,Sad_Opportunity8197,0.0436027197802199
3099,ScottyFoxes,0.2892789382268058
3100,Showaren_elle,2.0175858533058726
3101,SpeedCollisis,0.5512994330457216
3102,ThatMomentWhenRiley,0.9377030637511012
3103,_idont-have-a-name_,0.3787997596307201
3104,bajateraho,1.0308722133319896
3105,llamanatee,0.4083211111111111
3106,zoleilsstufff,-0.3872341972143395
